lot_id,equipment_id,recipe_id,start_time,lot_status,yield_percent,particle_count,metal_contamination_ppb,water_mark_count,bath_age_hours,diw_resistivity,flow_rate,filter_differential_pressure,motor_current,vibration,severity,current_failure,filter_differential_pressure_mean_5,filter_differential_pressure_std_5,filter_differential_pressure_min_5,filter_differential_pressure_max_5,filter_differential_pressure_slope_5,filter_differential_pressure_change_1,flow_rate_mean_5,flow_rate_std_5,flow_rate_min_5,flow_rate_max_5,flow_rate_slope_5,flow_rate_change_1,motor_current_mean_5,motor_current_std_5,motor_current_min_5,motor_current_max_5,motor_current_slope_5,motor_current_change_1,vibration_mean_5,vibration_std_5,vibration_min_5,vibration_max_5,vibration_slope_5,vibration_change_1,particle_count_mean_5,particle_count_std_5,particle_count_min_5,particle_count_max_5,particle_count_slope_5,particle_count_change_1,yield_percent_mean_5,yield_percent_std_5,yield_percent_min_5,yield_percent_max_5,yield_percent_slope_5,yield_percent_change_1,failure_within_10_lots,remaining_lots_to_failure
LOT-202607-0013,WC-01,RCP-SC2-01,2026-07-02 08:00:00,PASS,97.05332580837529,8,0.355593566479586,1,6.909679731497565,18.026926650128434,18.05097712943843,0.8368151959785847,7.050462404398026,0.7102047455693375,NORMAL,0,0.8441296654646078,0.015377646342853567,0.8230261884462758,0.8640163700005058,-0.004889639490237856,-0.014333067040983472,17.973199889903842,0.1839104273935572,17.739276290469146,18.198152398442602,0.011245963831282048,0.21598748535737045,7.147584655577977,0.07380701968068895,7.050462404398026,7.255513331737624,-0.00431504544486595,-0.20505092733959795,0.7489425801113068,0.03780117039811791,0.7102047455693375,0.8056228676349976,-0.01927904801167045,-0.014656134041296731,8.8,1.6431676725154982,7.0,11.0,0.499999999999999,-3.0,97.05935711701348,0.5182253523170407,96.21163803966557,97.61746310788389,-0.2110014585469712,0.8416877687097184,1,2.0
LOT-202607-0016,WC-01,RCP-SC1-01,2026-07-02 14:00:00,PASS,97.65282284360714,5,0.2709098280452315,0,11.792672201033973,17.984249144103686,18.01888609611001,0.8309709938084407,7.279378495475271,0.7488051383847161,NORMAL,0,0.8375205902261946,0.011237863154367799,0.8230261884462758,0.8511482630195681,-0.0015553624607018265,-0.0058442021701439195,17.96845631170825,0.18196838618109173,17.739276290469146,18.198152398442602,0.04120443422775413,-0.03209103332842034,7.1788866501858095,0.09171908100529805,7.050462404398026,7.279378495475271,0.014628882592032788,0.2289160910772452,0.7454598094651483,0.036594432543650635,0.7102047455693375,0.8056228676349976,-0.014123612905728273,0.038600392815378526,8.4,2.3021728866442674,5.0,11.0,-0.8000000000000013,-3.0,97.06642906415811,0.5278965979598408,96.21163803966557,97.65282284360714,0.07512348403289448,0.5994970352318489,1,1.0
LOT-202607-0019,WC-01,RCP-DHF-01,2026-07-02 20:00:00,PASS,96.78852582062812,5,0.4273973018340008,1,9.168734348886089,17.95202004407049,17.921935754921762,0.8287459100271581,7.214843643831519,0.7124583514513199,CRITICAL,1,0.8341413102560054,0.01071323118871863,0.8230261884462758,0.8511482630195681,-0.0008737826049363588,-0.0022250837812826108,18.004988204598774,0.13731146925434778,17.83498964408106,18.198152398442602,-0.03685368350127303,-0.09695034118824708,7.19108506893009,0.0916129103057521,7.050462404398026,7.279378495475271,0.014309751298465196,-0.06453485164375206,0.7268269062284128,0.016508991643262628,0.7102047455693375,0.7488051383847161,-0.002674987057539255,-0.036346786933396213,7.8,2.7748873851023212,5.0,11.0,-1.6,0.0,96.98545862306015,0.5345634631907826,96.21163803966557,97.65282284360714,0.057627523914849065,-0.8642970229790166,1,5.0
LOT-202607-0022,WC-01,RCP-SC1-01,2026-07-03 02:00:00,PASS,96.58559646604863,11,0.36895643109753967,0,4.372003787055674,17.89015975864916,18.104259405518537,0.8422267408454749,7.05305838797972,0.6400289866535718,NORMAL,0,0.8379814207358454,0.009044187394355249,0.8287459100271581,0.8511482630195681,-0.002591233029961383,0.013480830818316747,17.986209606013958,0.10746737304854169,17.83498964408106,18.104259405518537,0.04094981483582767,0.1823236505967749,7.170651252684432,0.11096124808159233,7.050462404398026,7.279378495475271,-0.024052864808232422,-0.16178525585179848,0.7072716203339159,0.04059400310138075,0.6400289866535718,0.7488051383847161,-0.01674101800321433,-0.07242936479774809,8.0,3.0,5.0,11.0,-0.3000000000000008,6.0,96.85838179566495,0.5400715059076598,96.21163803966557,97.65282284360714,0.04831168650189054,-0.20292935457949568,1,4.0
LOT-202607-0025,WC-01,RCP-SC1-01,2026-07-03 08:00:00,PASS,97.34007877704951,7,0.4214284653058364,2,10.996469012535641,17.86098283238903,17.866380744263008,0.834420386876959,7.136840212485322,0.7308261357515122,NORMAL,0,0.8346358455073235,0.005256904052483382,0.8287459100271581,0.8422267408454749,0.0006466128833782701,-0.007806353968515922,17.99248782605035,0.09681340824910568,17.866380744263008,18.104259405518537,-0.02838194609423213,-0.2378786612555288,7.1469166288339725,0.10046709216803278,7.050462404398026,7.279378495475271,-0.00535644913209646,0.08378182450560168,0.7084646715620915,0.04132132817828023,0.6400289866535718,0.7488051383847161,-0.006753337136679608,0.09079714909794045,7.2,2.4899799195977463,5.0,11.0,0.39999999999999974,-4.0,97.08406994314173,0.4259658796097383,96.58559646604863,97.65282284360714,-0.04937204402101421,0.7544823110008849,1,3.0
LOT-202607-0028,WC-01,RCP-SC1-01,2026-07-03 14:00:00,PASS,97.67175808976236,8,0.4386176013137503,0,13.423145480970895,17.766627209544236,17.62701907774526,0.8208046458551307,7.108387788789759,0.7136772033734639,WATCH,0,0.8314337354826327,0.007839405799535553,0.8208046458551307,0.8422267408454749,-0.0014658219056819825,-0.013615741021828276,17.907696215711717,0.18144535370532316,17.62701907774526,18.104259405518537,-0.08392890473882718,-0.23936166651774826,7.158501705712318,0.0892811997385602,7.05305838797972,7.279378495475271,-0.0419984844717223,-0.02845242369556278,0.7091591631229168,0.041387013927565885,0.6400289866535718,0.7488051383847161,-0.005188808572231327,-0.017148932378048376,7.2,2.4899799195977463,5.0,11.0,0.7999999999999999,1.0,97.20775639941915,0.4984295790004665,96.58559646604863,97.67175808976236,0.05894234487317487,0.33167931271285056,1,2.0
LOT-202607-0031,WC-01,RCP-SC1-01,2026-07-03 20:00:00,PASS,97.16054449952954,7,0.376803389402993,0,7.101231583907678,18.00541370064502,17.914510533697417,0.8809465608338152,7.277361314420858,0.769248861323017,NORMAL,0,0.8414288488877075,0.023439386818223884,0.8208046458551307,0.8809465608338152,0.00829792066229689,0.060141914978684485,17.886821103229195,0.1711680894222347,17.62701907774526,18.104259405518537,-0.049209077022195666,0.2874914559521571,7.158098269501435,0.08860040206186362,7.05305838797972,7.277361314420858,0.018036474198871326,0.1689735256310989,0.713247907710577,0.04692259317526698,0.6400289866535718,0.769248861323017,0.018722923646328583,0.0555716579495531,7.6,2.1908902300206643,5.0,11.0,0.09999999999999915,-1.0,97.10930073060362,0.4328410248087069,96.58559646604863,97.67175808976236,0.18301989815164105,-0.5112135902328276,1,1.0
LOT-202607-0034,WC-01,RCP-SC2-01,2026-07-04 02:00:00,PASS,96.78564064767448,12,0.40348442746053886,0,5.010234699861465,17.875799402135996,17.86511473409489,0.8391572055954614,7.316956979254084,0.814565978581652,WARNING,1,0.8435111080013682,0.02247356128699884,0.8208046458551307,0.8809465608338152,0.004038710345682864,-0.04178935523835381,17.875456899063824,0.17013704870028676,17.62701907774526,18.104259405518537,-0.04301595534129002,-0.04939579960252516,7.178520936585949,0.1132814531204098,7.05305838797972,7.316956979254084,0.066831828448426,0.039595664833226074,0.7336694331366435,0.06516604480762721,0.6400289866535718,0.814565978581652,0.03874967094276643,0.045317117258635076,9.0,2.345207879911715,7.0,12.0,0.20000000000000026,5.0,97.1087236960129,0.433377160391824,96.58559646604863,97.67175808976236,0.022055408573166027,-0.37490385185505204,1,5.0
LOT-202607-0037,WC-01,RCP-SC1-01,2026-07-04 08:00:00,PASS,96.44874898726003,15,0.3316121042011957,1,12.717563672840388,18.032618269569443,18.17428540461394,0.887163379574882,7.185926669131554,0.7625390649779259,WATCH,0,0.8524984357472496,0.029665867348516863,0.8208046458551307,0.887163379574882,0.012383854513617575,0.04800617397942064,17.889462098882905,0.19477783627845852,17.62701907774526,18.17428540461394,0.08539049770514806,0.30917067051904823,7.205094592816316,0.0896018250774013,7.108387788789759,7.316956979254084,0.030674210375677947,-0.1310303101225303,0.7581714488015142,0.038889690633807476,0.7136772033734639,0.814565978581652,0.016431463366101483,-0.05202691360372613,9.8,3.5637059362410923,7.0,15.0,1.9999999999999993,3.0,97.08135420025518,0.47681813188319305,96.44874898726003,97.67175808976236,-0.26687770216668977,-0.3368916604144516,1,4.0
LOT-202607-0040,WC-01,RCP-O3-01,2026-07-04 14:00:00,PASS,97.57022984768737,5,0.23991653347414812,0,8.704091557700673,17.94444278064597,18.179686225330244,0.8761642108542246,7.145712987195105,0.7704416845832567,NORMAL,0,0.8608472005427028,0.029176182214982818,0.8208046458551307,0.887163379574882,0.011693594873925446,-0.010999168720657426,17.952123195096352,0.23228153810029506,17.62701907774526,18.179686225330244,0.1365109166086472,0.005400820716303656,7.206869147758272,0.08798539318315839,7.108387788789759,7.316956979254084,-0.001678424847861385,-0.04021368193644914,0.7660945585678631,0.035841827342024186,0.7136772033734639,0.814565978581652,0.01068191660744939,0.007902619605330785,9.4,4.03732584763727,5.0,15.0,0.19999999999999946,-10.0,97.12738441438276,0.5174188855564675,96.44874898726003,97.67175808976236,-0.09148519964195054,1.12148086042734,1,3.0
LOT-202607-0043,WC-01,RCP-SC1-01,2026-07-04 20:00:00,PASS,97.63479789132683,6,0.32174050465379134,2,10.907991858247357,17.9978053316653,18.07537955095057,0.8327880437872834,7.2504889185460994,0.782058532578488,WATCH,0,0.8632438801291332,0.025299150980247594,0.8327880437872834,0.887163379574882,-0.005931002883430095,-0.04337616706694114,18.04179528973741,0.14587055145077707,17.86511473409489,18.179686225330244,0.06363095257416333,-0.104306674379675,7.23528937370954,0.06915793117580969,7.145712987195105,7.316956979254084,-0.022498878380850063,0.10477593135099461,0.7797708244088679,0.020679787551669875,0.7625390649779259,0.814565978581652,-0.0018504951487454022,0.011616847995231327,9.0,4.301162633521313,5.0,15.0,-0.9000000000000007,1.0,97.11999237469566,0.5078734437353652,96.44874898726003,97.63479789132683,0.17330959836073684,0.06456804363945423,1,2.0
LOT-202607-0046,WC-01,RCP-DHF-01,2026-07-05 02:00:00,PASS,97.79052433936299,3,0.375635961107683,0,4.338052237776703,17.995874572841903,17.951345038277186,0.882794495103512,7.179235314288963,0.730008734210276,NORMAL,0,0.8636134669830726,0.025633702575013007,0.8327880437872834,0.887163379574882,0.0032899243228502514,0.050006451316228606,18.04916219065337,0.13858332678008706,17.86511473409489,18.179686225330244,0.007355475470119409,-0.12403451267338284,7.2156641736831615,0.06814973363851799,7.145712987195105,7.316956979254084,-0.02108810805156995,-0.07125360425713634,0.7719227989863197,0.030692877232823847,0.730008734210276,0.814565978581652,-0.01495950211421907,-0.052049798368212,8.2,5.06951674225463,3.0,15.0,-2.700000000000001,-3.0,97.24598834266234,0.5916788530316165,96.44874898726003,97.79052433936299,0.3195816287443813,0.15572644803616242,1,1.0
LOT-202607-0049,WC-01,RCP-O3-01,2026-07-05 08:00:00,PASS,97.21822626843299,8,0.1743853002782233,1,8.69118309350546,18.01724063754414,17.83202969606109,0.8067319700265038,7.167444581707745,0.7661383210885063,CRITICAL,1,0.8571284198692812,0.03555089178008555,0.8067319700265038,0.887163379574882,-0.015423253484747006,-0.07606252507700828,18.042545183046606,0.14989620061865122,17.83202969606109,18.179686225330244,-0.09128526041587899,-0.11931534221609752,7.185761694173893,0.03927992478938589,7.145712987195105,7.2504889185460994,-0.0003441847753761377,-0.011790732581218322,0.7622372674876907,0.019456250074286176,0.730008734210276,0.782058532578488,-0.00332344381518206,0.03612958687823031,7.4,4.615192303685729,3.0,15.0,-1.6000000000000012,5.0,97.33250546681404,0.5366004400684694,96.44874898726003,97.79052433936299,0.1759249054021416,-0.5722980709300032,1,4.0
LOT-202607-0052,WC-01,RCP-SC2-01,2026-07-05 14:00:00,PASS,97.24118204634468,4,0.2793259875129891,3,5.567954313278385,17.95133060032768,17.939443609151024,0.8534311144932302,7.173411004859605,0.8105027957511616,WATCH,0,0.8503819668529509,0.03138256580673556,0.8067319700265038,0.882794495103512,-0.007152226648276846,0.046699144466726406,17.995576823954025,0.1342756480355904,17.83202969606109,18.179686225330244,-0.07238350872479174,0.10741391308993542,7.183258561319503,0.03966369216678841,7.145712987195105,7.2504889185460994,-0.0027648301509358548,0.005966423151860134,0.7718300136423377,0.029084140483698062,0.730008734210276,0.8105027957511616,0.006420201084582753,0.04436447466265525,5.2,1.9235384061671323,3.0,8.0,-7.524683547685173e-16,-4.0,97.49099207863097,0.25173624613529366,97.21822626843299,97.79052433936299,-0.1074667225579267,0.022955777911690234,1,3.0
LOT-202607-0055,WC-01,RCP-SC1-01,2026-07-05 20:00:00,PASS,97.9405078249176,8,0.32450615275385564,1,5.088650908335376,17.973648677006985,18.08861933794898,0.8298222224386441,7.195797172717434,0.7458381256728425,WATCH,0,0.8411135691698346,0.028582882784259085,0.8067319700265038,0.882794495103512,-0.0035295023307561264,-0.02360889205458605,17.97736344647777,0.10632709057601304,17.83202969606109,18.08861933794898,0.0014578144870652752,0.1491757287979567,7.193275398423969,0.033684920278878885,7.167444581707745,7.2504889185460994,-0.011520780108669228,0.022386167857828987,0.7669093018602549,0.031369302953416126,0.730008734210276,0.8105027957511616,0.0008053247729593303,-0.06466467007831911,5.8,2.2803508501982748,3.0,8.0,0.4999999999999995,4.0,97.56504767407702,0.324749586798576,97.21822626843299,97.9405078249176,0.006207757416312517,0.699325778572927,1,2.0
LOT-202607-0058,WC-01,RCP-SC2-01,2026-07-06 02:00:00,PASS,97.34718822002344,6,0.2345242562450528,2,7.40832132640864,17.94477363366578,17.97099392469118,0.8876904592520445,7.193722741726446,0.7534268655607695,NORMAL,0,0.8520940522627869,0.03451507650685601,0.8067319700265038,0.8876904592520445,0.00328821807092043,0.057868236813400364,17.956486321225892,0.09148216088299817,17.83202969606109,18.08861933794898,0.02958874147158505,-0.11762541325780163,7.1819221630600385,0.012460225538673627,7.167444581707745,7.195797172717434,0.005732744588464267,-0.002074430990988141,0.7611829684567112,0.0305141569484786,0.730008734210276,0.8105027957511616,0.0026536067285322837,0.007588739887927076,5.8,2.2803508501982748,3.0,8.0,0.5999999999999998,-2.0,97.50752573981633,0.33462776364644436,97.21822626843299,97.9405078249176,-0.016439068219457516,-0.5933196048941625,1,1.0
LOT-202607-0061,WC-01,RCP-O3-01,2026-07-06 08:00:00,PASS,97.67188416893508,7,0.38859089898659616,2,2.899060355113625,17.84086659429622,18.149813757798565,0.8909251588187912,7.276593625069057,0.752570061958853,WARNING,1,0.8537201850058427,0.036459834518115394,0.8067319700265038,0.8909251588187912,0.020264572234338883,0.0032346995667467127,17.99618006513017,0.12544624491690265,17.83202969606109,18.149813757798565,0.06671184390151082,0.17881983310738647,7.201393825216057,0.043819993464497574,7.167444581707745,7.276593625069057,0.023860982358946202,0.08287088334261128,0.7656952340064266,0.02610077428276326,0.7458381256728425,0.8105027957511616,-0.008421244844969904,-0.0008568036019165337,6.6,1.67332005306815,4.0,8.0,-6.343925551094726e-16,1.0,97.48379770573075,0.31305484690436935,97.21822626843299,97.9405078249176,0.10133219746828075,0.3246959489116392,1,5.0
LOT-202607-0064,WC-01,RCP-SC2-01,2026-07-06 14:00:00,PASS,96.85405366981163,8,0.32857643410598536,1,7.460261126998255,18.101603434714153,18.0855891592446,0.7883843012531034,7.132101735494473,0.7626671552057731,NORMAL,0,0.8500506512511627,0.042751713712074244,0.7883843012531034,0.8909251588187912,-0.006899069010010735,-0.10254085756568776,18.046891957766867,0.08822868528131429,17.939443609151024,18.149813757798565,0.03534855200367175,-0.06422459855396667,7.194325255973402,0.052630282434214505,7.132101735494473,7.276593625069057,-0.00018220863786519445,-0.14449188957458414,0.76500100082988,0.02613218709361406,0.7458381256728425,0.8105027957511616,-0.00889393448047667,0.010097093246920097,6.6,1.67332005306815,4.0,8.0,0.6999999999999998,1.0,97.4109631860065,0.4157939317833045,96.85405366981163,97.9405078249176,-0.10428804090486879,-0.8178304991234455,1,4.0
LOT-202607-0067,WC-01,RCP-O3-01,2026-07-06 20:00:00,PASS,97.23561652689345,4,0.28059272501893806,0,9.084430486208792,17.908785221828104,17.886949353693264,0.8914184163720881,7.177696039222774,0.7253904587784007,NORMAL,0,0.8576481116269342,0.046696074620460964,0.7883843012531034,0.8914184163720881,0.0023886229867945926,0.10303411511898464,18.03639310667532,0.10562026703270148,17.886949353693264,18.149813757798565,-0.028874473395801216,-0.1986398055513341,7.195182262846037,0.05223801097527172,7.132101735494473,7.276593625069057,-0.009782327322129076,0.04559430372830153,0.7479785334353277,0.013976091448821764,0.7253904587784007,0.7626671552057731,-0.0031655044143880187,-0.03727669642737241,6.6,1.67332005306815,4.0,8.0,-0.6000000000000008,-4.0,97.40985008211624,0.4163691256887223,96.85405366981163,97.9405078249176,-0.19029171462602146,0.3815628570818177,1,3.0
LOT-202607-0070,WC-01,RCP-DHF-01,2026-07-07 02:00:00,PASS,97.4589812195712,6,0.2985002059787,2,6.895095132576105,17.951629301076604,17.933056507601098,0.8593247559650766,7.163166516106536,0.6951849422357926,NORMAL,0,0.8635486183322207,0.04409235951403774,0.7883843012531034,0.8914184163720881,-0.005623814902063924,-0.03209366040701145,18.005280540605742,0.10923996277718243,17.886949353693264,18.149813757798565,-0.033873923828546836,0.046107153907833265,7.188656131523858,0.0541454456477565,7.132101735494473,7.276593625069057,-0.01600100370861047,-0.014529523116238785,0.7378478967479178,0.02761683117518999,0.6951849422357926,0.7626671552057731,-0.014366344983040642,-0.030205516542608057,6.2,1.4832396974191309,4.0,8.0,-0.30000000000000077,2.0,97.31354476104696,0.30327201059795095,96.85405366981163,97.67188416893508,-0.02126816429461407,0.22336469267774817,1,2.0
LOT-202607-0073,WC-01,RCP-SC1-01,2026-07-07 08:00:00,PASS,97.24061643287439,2,0.33205277923049964,0,13.718959881480009,17.925284763788298,17.795031342523654,0.8464689080159129,7.231397036881668,0.7052969501242264,WATCH,0,0.8553043080849945,0.04226579419071911,0.7883843012531034,0.8914184163720881,-0.0017972046893784328,-0.012855847949163723,17.970088024172234,0.14540466384276773,17.795031342523654,18.149813757798565,-0.08620974821933315,-0.138025165077444,7.196190990554902,0.05754163945863144,7.132101735494473,7.276593625069057,-0.005932839576272091,0.06823052077513214,0.7282219136606092,0.029173273562786237,0.6951849422357926,0.7626671552057731,-0.016202843663923383,0.010112007888433805,5.4,2.4083189157584575,2.0,8.0,-1.200000000000001,-4.0,97.29223040361714,0.3040603555231342,96.85405366981163,97.67188416893508,-0.025760792236192327,-0.21836478669681014,1,1.0
LOT-202607-0076,WC-01,RCP-DHF-01,2026-07-07 14:00:00,PASS,96.7531266777382,9,0.4386678062304031,1,11.307240706719575,18.07073501909702,17.90635802177744,0.8330953552670861,7.251791915355465,0.7603639219257717,CRITICAL,1,0.8437383473746534,0.03775289650077112,0.7883843012531034,0.8914184163720881,0.004447259967178935,-0.013373552748826789,17.92139687696801,0.1054467873696369,17.795031342523654,18.0855891592446,-0.04503802861039413,0.1113266792537857,7.1912306486121835,0.04936601899906964,7.132101735494473,7.251791915355465,0.02930813573808812,0.020394878473797284,0.7297806856539929,0.030953380593258136,0.6951849422357926,0.7626671552057731,-0.0024699975214177486,0.055066971801545295,5.8,2.863564212655269,2.0,9.0,-8.415393278077631e-16,7.0,97.10847890537778,0.29473868910185513,96.7531266777382,97.4589812195712,-0.019685407816597292,-0.4874897551361954,1,1.0
LOT-202607-0079,WC-01,RCP-O3-01,2026-07-07 20:00:00,PASS,97.26014796188878,6,0.2794697854018959,1,5.45433680588939,17.945233304893772,17.954755174223028,0.8703572253777896,7.267891564084107,0.7340028625104842,WARNING,1,0.8601329321995907,0.02237021995310206,0.8330953552670861,0.8914184163720881,-0.00683517826865884,0.03726187011070348,17.895230079963696,0.06165684060901371,17.795031342523654,17.954755174223028,0.010891315523583698,0.048397152445588176,7.2183886143301095,0.04593720554217911,7.163166516106536,7.267891564084107,0.026901644897159044,0.016099648728642002,0.7240478271149351,0.025516786843602923,0.6951849422357926,0.7603639219257717,0.008240378715414531,-0.026361059415287547,5.4,2.6076809620810577,2.0,9.0,0.6999999999999998,-3.0,97.18969776379319,0.26113807019104124,96.7531266777382,97.4589812195712,-0.06567916718424706,0.5070212841505821,1,2.0
LOT-202607-0082,WC-01,RCP-SC1-01,2026-07-08 02:00:00,PASS,97.06406118518763,8,0.45968539126149294,0,7.639879188002633,17.81200230278043,18.04610139289396,0.8422480535020805,7.145671177107104,0.6831446347343704,NORMAL,0,0.8502988596255892,0.014656478193652546,0.8330953552670861,0.8703572253777896,-0.0010265087564115915,-0.02810917187570905,17.927060487803836,0.09060073440228301,17.795031342523654,18.04610139289396,0.0385813602285074,0.09134621867093173,7.211983641906976,0.05446955356161731,7.145671177107104,7.267891564084107,0.000150384920356767,-0.12222038697700288,0.7155986623061291,0.03129996885219464,0.6831446347343704,0.7603639219257717,0.0004625297383412088,-0.05085822777611382,6.2,2.6832815729997463,2.0,9.0,0.7999999999999992,2.0,97.15538669545205,0.264840582633175,96.7531266777382,97.4589812195712,-0.07703085397528198,-0.1960867767011507,1,1.0
LOT-202607-0085,WC-01,RCP-DHF-01,2026-07-08 08:00:00,PASS,97.11218197208697,6,0.5098631186673067,3,8.425346252706571,17.999096732243135,18.194578449674715,0.8915750293091963,7.266610268128695,0.7595158629040407,CRITICAL,1,0.8567489142944131,0.023840557696018453,0.8330953552670861,0.8915750293091963,0.009936494082156078,0.04932697580711576,17.97936487621856,0.15056986312828954,17.795031342523654,18.194578449674715,0.09388375854186211,0.14847705678075585,7.232672392311409,0.05081477052805357,7.145671177107104,7.267891564084107,-0.003569427575430648,0.12093909102159106,0.7284648464397787,0.033922924663992486,0.6831446347343704,0.7603639219257717,0.00312185383682266,0.07637122816967035,6.2,2.6832815729997463,2.0,9.0,0.6999999999999993,-2.0,97.08602684595519,0.20384136373215062,96.7531266777382,97.26014796188878,0.005406558587448186,0.04812078689934651,1,6.0
LOT-202607-0088,WC-01,RCP-DHF-01,2026-07-08 14:00:00,PASS,97.62285662500926,3,0.43136174451345527,3,10.633503275984364,18.066449883803188,17.953658196019635,0.8481618576987731,7.237531671515285,0.6828503022832924,WATCH,0,0.8570875042309851,0.023669466413470973,0.8330953552670861,0.8915750293091963,0.005135080879477953,-0.04341317161042324,18.011090246917753,0.11438380650498882,17.90635802177744,18.194578449674715,0.033442362393607435,-0.24092025365508007,7.233899319238131,0.05085032676828748,7.145671177107104,7.267891564084107,-0.002980178363577843,-0.02907859661341039,0.7239755168715918,0.038878734836966265,0.6828503022832924,0.7603639219257717,-0.012951423889140333,-0.07666556062074836,6.4,2.3021728866442666,3.0,9.0,-1.2000000000000006,-3.0,97.16247488438216,0.31673015512871266,96.7531266777382,97.62285662500926,0.1591493904740309,0.5106746529222903,1,5.0
LOT-202607-0091,WC-01,RCP-SC1-01,2026-07-08 20:00:00,HOLD,95.94402536383993,11,0.26363386237301983,1,4.492187021248099,18.145098885625178,17.85195490759013,0.8274951148851302,7.250406693447374,0.753505219554169,WATCH,0,0.855967456154594,0.02517334065046457,0.8274951148851302,0.8915750293091963,-0.00798104167886276,-0.02066674281364289,18.00020962408029,0.12854755757666353,17.85195490759013,18.194578449674715,-0.029804373014012762,-0.10170328842950482,7.233622274856512,0.05073210908607453,7.145671177107104,7.267891564084107,0.0056890753134713765,0.012875021932089226,0.7226037763972714,0.037365435393497154,0.6828503022832924,0.7595158629040407,0.003871038163629167,0.0706549172708767,6.8,2.9495762407505244,3.0,11.0,0.499999999999999,8.0,97.00065462160252,0.6299595735577177,95.94402536383993,97.62285662500926,-0.2073449756276201,-1.6788312611693357,1,4.0
LOT-202607-0094,WC-01,RCP-SC2-01,2026-07-09 02:00:00,PASS,97.26307374373918,8,0.2981817885537349,1,6.943111119702539,18.010323386286977,17.894619669234267,0.8552165811537648,7.230789923934014,0.8131427099025729,WATCH,0,0.8529393273097889,0.023887438390729866,0.8274951148851302,0.8915750293091963,-0.0038142859120699007,0.027721466268634587,17.988182523082543,0.13643475913070088,17.85195490759013,18.194578449674715,-0.06455869894039915,0.04266476164413646,7.226201946826494,0.047046039303281495,7.145671177107104,7.266610268128695,0.015403391897249529,-0.019616769513359777,0.738431745875689,0.05567638475061653,0.6828503022832924,0.8131427099025729,0.025398550698653276,0.05963749034840382,7.2,2.949576240750525,3.0,11.0,0.5000000000000001,-3.0,97.00123977797259,0.630262157208859,95.94402536383993,97.62285662500926,-0.07701314911440445,1.3190483798992574,1,3.0
LOT-202607-0097,WC-01,RCP-SC1-01,2026-07-09 08:00:00,PASS,97.5847018246916,6,0.4711250044999922,0,13.629040731187095,18.085730547191126,18.21344584538811,0.8714232421385985,7.183561924836874,0.7278627509381406,WATCH,0,0.8587743650370925,0.02418445935335175,0.8274951148851302,0.8915750293091963,-0.0033248850886205823,0.0162066609848337,18.021651413581374,0.17047427205887355,17.85195490759013,18.21344584538811,-0.0021303735358597126,0.3188261761538449,7.233780096372447,0.031221563491749506,7.183561924836874,7.266610268128695,-0.017283843416492074,-0.04722799909714048,0.7473753691164431,0.04757766358247673,0.6828503022832924,0.8131427099025729,0.006698618368747941,-0.0852799589644323,6.8,2.9495762407505244,3.0,11.0,0.4999999999999998,-2.0,97.1053679058734,0.6839571702406998,95.94402536383993,97.62285662500926,0.058525682393915916,0.3216280809524221,1,2.0
LOT-202607-0100,WC-01,RCP-SC1-01,2026-07-09 14:00:00,PASS,97.25355989173859,10,0.32337946413361,0,4.747205291695334,17.976866848127152,17.872043248979033,0.8159810242258422,7.13483663237174,0.7304798820835835,WATCH,0,0.8436555640204217,0.022090993736383593,0.8159810242258422,0.8714232421385985,-0.0020433539692393332,-0.055442217912756275,17.957144373442237,0.148255658999998,17.85195490759013,18.21344584538811,0.019826104371677103,-0.341402596409079,7.207425369221058,0.047797162003278354,7.13483663237174,7.250406693447374,-0.02722348468975981,-0.04872529246513402,0.7415681729523517,0.047497327672456964,0.6828503022832924,0.8131427099025729,0.006961669098455331,0.0026171311454429302,7.6,3.209361307176242,3.0,11.0,0.8999999999999994,4.0,97.13364348980372,0.6872238596043428,95.94402536383993,97.62285662500926,0.09020829943102143,-0.33114193295301675,1,1.0
LOT-202607-0103,WC-01,RCP-DHF-01,2026-07-09 20:00:00,PASS,96.94500545693285,11,0.28833242988337543,1,11.84077385627595,18.00390296840277,17.78327289176016,0.8637393818205469,7.216328343907056,0.7391534269304546,CRITICAL,1,0.8467710688447765,0.023909042328185987,0.8159810242258422,0.8714232421385985,0.0033252976942909334,0.0477583575947047,17.92306731259034,0.16757973477562113,17.78327289176016,18.21344584538811,-0.01599404519152036,-0.08877035721887339,7.203184703699412,0.04533550507705366,7.13483663237174,7.250406693447374,-0.016410999064291918,0.08149171153531576,0.7528287978817841,0.03517107773986345,0.7278627509381406,0.8131427099025729,-0.011136641306641902,0.008673544846871106,9.2,2.167948338867881,6.0,11.0,0.1999999999999989,1.0,96.99807325618843,0.6311625993777737,95.94402536383993,97.5847018246916,0.19924463341851675,-0.3085544348057425,1,2.0
LOT-202607-0106,WC-01,RCP-SC2-01,2026-07-10 02:00:00,PASS,96.94363854955903,9,0.456883887780696,0,10.773966914518418,18.099924173438893,17.82144207767121,0.8308997307367781,7.216027212275034,0.7292553697776786,WATCH,0,0.847451992015106,0.023262566016394762,0.8159810242258422,0.8714232421385985,-0.005631756115202479,-0.03283965108376874,17.916964746606556,0.17133036632438461,17.78327289176016,18.21344584538811,-0.057652813675405985,0.038169185911051784,7.196308807464943,0.038470300388704234,7.13483663237174,7.230789923934014,0.0003240995752214787,-0.00030113163202116766,0.7479788279264861,0.03669351700572654,0.7278627509381406,0.8131427099025729,-0.015648400425747565,-0.00989805715277603,8.8,1.9235384061671355,6.0,11.0,0.6999999999999993,-2.0,97.19799589333225,0.2671917762216761,96.94363854955903,97.5847018246916,-0.12785667561191816,-0.001366907373821391,1,1.0
LOT-202607-0109,WC-01,RCP-SC2-01,2026-07-10 08:00:00,PASS,97.8483461719849,5,0.3343277140005619,1,8.140426068483928,17.89343060564721,17.59463060758218,0.8525641918030219,7.222608048328337,0.7405938259835511,WARNING,1,0.8469215141449575,0.02307068821575496,0.8159810242258422,0.8714232421385985,-0.002279939416021832,0.021664461066243756,17.856966934276137,0.22517642248635664,17.59463060758218,18.21344584538811,-0.12882316469197252,-0.22681147008903224,7.194672432343808,0.03677353024710959,7.13483663237174,7.222608048328337,0.015928282688622043,0.006580836053302619,0.7334690511426817,0.0059412832983041924,0.7278627509381406,0.7405938259835511,0.0024237637784915757,0.011338456205872482,8.2,2.5884358211089573,5.0,11.0,-0.30000000000000093,-4.0,97.3150503789814,0.3986782463337471,96.94363854955903,97.8483461719849,0.021736735240704654,0.9047076224258745,0,
LOT-202607-0112,WC-01,RCP-SC1-01,2026-07-10 14:00:00,PASS,97.95243429852376,3,0.3949475534590858,0,8.503354786320376,17.90894196401998,17.903072984610326,0.8099870001883055,7.257233357277879,0.723212313331826,NORMAL,0,0.834634265754899,0.023119082489033906,0.8099870001883055,0.8637393818205469,-0.0023163238092597785,-0.0425771916147164,17.79489236212058,0.1210371598346689,17.59463060758218,17.903072984610326,-0.012658281291541394,0.3084423770281468,7.2094067188320095,0.045039149823524166,7.13483663237174,7.257233357277879,0.025107315423355734,0.03462530894954163,0.7325389636214188,0.00725672349400867,0.723212313331826,0.7405938259835511,-0.0013094738450418497,-0.01738151265172505,7.6,3.4351128074635344,3.0,11.0,-2.0000000000000013,-2.0,97.38859687374782,0.48535510212998045,96.94363854955903,97.95243429852376,0.23010895286223423,0.10408812653885491,0,
LOT-202607-0115,WC-01,RCP-SC2-01,2026-07-10 20:00:00,PASS,97.83226513428305,10,0.4187822515637997,0,13.86881016092879,17.95222098685389,17.703983299403816,0.8135980429114961,7.2383826372104565,0.7661588851757472,WATCH,0,0.8341576694920297,0.023618908910691065,0.8099870001883055,0.8637393818205469,-0.012119540836657628,0.0036110427231905717,17.761280372205537,0.1175407857449058,17.59463060758218,17.903072984610326,-0.007694827777360365,-0.19908968520650916,7.230115919799752,0.017668128755433214,7.216027212275034,7.257233357277879,0.008531473160964139,-0.018850720067422166,0.7396747642398516,0.016447653325653976,0.723212313331826,0.7661588851757472,0.004796786004473224,0.042946571843921144,7.6,3.4351128074635344,3.0,11.0,-0.8000000000000014,7.0,97.50433792225672,0.5132993493081998,96.94363854955903,97.95243429852376,0.27833151036650977,-0.120169164240707,0,
LOT-202607-0118,WC-01,RCP-SC1-01,2026-07-11 02:00:00,PASS,97.03668409977087,5,0.40075037235966005,3,7.50948340476257,18.099773353389537,17.85846658349095,0.870070917963864,7.187438505992769,0.792088375727495,WATCH,0,0.835423976720693,0.02568110917606478,0.8099870001883055,0.870070917963864,0.003937622556264535,0.05647287505236798,17.776319110551697,0.12559261099538513,17.59463060758218,17.903072984610326,0.018340170346110036,0.15448328408713508,7.224337952216895,0.026043189840086068,7.187438505992769,7.257233357277879,-0.0041402823682415,-0.050944131217687705,0.7502617539992595,0.028585810795926196,0.723212313331826,0.792088375727495,0.015123107109182864,0.02592949055174787,6.4,2.9664793948382657,3.0,10.0,-0.3000000000000003,-5.0,97.52267365082432,0.4894055537615781,96.94363854955903,97.95243429852376,0.01700100627217914,-0.7955810345121819,0,
LOT-202607-0014,WC-02,RCP-O3-01,2026-07-02 10:00:00,PASS,97.4105449471934,7,0.31701305022362153,1,4.980876846387818,17.98642241628637,17.802009308303035,0.8571050140681108,7.23325297316186,0.7777249460701147,WARNING,1,0.8402286515549438,0.025985164077541933,0.800283873300372,0.8671993383252373,0.009125828314755693,0.01228967413079285,17.998243418799266,0.14526211001403116,17.802009308303035,18.12626919210631,-0.018520390007007958,-0.3094630619456886,7.2220031707832835,0.04094647753013848,7.160430667353336,7.260839779250613,-0.0031659822371980315,0.07282230580852378,0.7389845163975812,0.04022125400941841,0.674176248392845,0.7777249460701147,0.0019494227836042706,0.10354869767726971,7.4,1.816590212458495,5.0,10.0,0.5999999999999989,-3.0,97.47767542367744,0.31148234967663124,97.07466606253395,97.89756325977524,-0.0760285614990153,0.3358788846594507,1,4.0
LOT-202607-0017,WC-02,RCP-SC1-01,2026-07-02 16:00:00,PASS,97.08724875920844,5,0.23988900007376412,2,3.762364817856851,18.004936370724028,18.053424068784096,0.8551942498133962,7.148597603413723,0.703627826077467,WATCH,0,0.8512107268575487,0.013474688681127042,0.8317396921436812,0.8671993383252373,0.0001355144900746105,-0.001910764254714592,18.03148566307423,0.13190546306947656,17.802009308303035,18.12626919210631,-0.04079343142704066,0.2514147604810617,7.211101891086344,0.05278130665694631,7.148597603413723,7.260839779250613,-0.023516846376567927,-0.0846553697481367,0.7335983120695434,0.04331583073407555,0.674176248392845,0.7777249460701147,-0.007649615884396114,-0.07409711999264768,7.4,1.816590212458495,5.0,10.0,-0.6000000000000003,-2.0,97.3650374309139,0.33437787467841756,97.07466606253395,97.89756325977524,-0.10228490458819046,-0.3232961879849654,1,3.0
LOT-202607-0020,WC-02,RCP-O3-01,2026-07-02 22:00:00,PASS,97.63555737911535,5,0.38697699912084993,0,2.9688233600328693,17.917408238435613,17.926438334132495,0.8895466372206697,7.1457410162699135,0.7509981639234281,WATCH,0,0.8556801866366351,0.021449912082182075,0.8317396921436812,0.8895466372206697,0.012599280003005479,0.03435238740727353,17.99151949147947,0.12615541440283,17.802009308303035,18.111472370248723,-0.03336783850576272,-0.12698573465160123,7.189772407889889,0.05347007700071508,7.1457410162699135,7.260839779250613,-0.024203058990102045,-0.0028565871438095414,0.7339951014018851,0.04350104099761299,0.674176248392845,0.7777249460701147,0.0004551260440335545,0.04737033784596112,6.8,2.04939015319192,5.0,10.0,-0.9,0.0,97.42111608156526,0.3551738085873012,97.07466606253395,97.89756325977524,-0.051142906464535426,0.5483086199069191,1,2.0
LOT-202607-0023,WC-02,RCP-SC1-01,2026-07-03 04:00:00,PASS,96.58134678324964,8,0.3952969899803326,0,13.39152227611109,17.968636816330342,17.753532311405344,0.8494809482659277,7.13847133465219,0.7828884807617514,WATCH,0,0.8592284378610845,0.017626172013401144,0.8448153399373179,0.8895466372206697,0.004177283980977733,-0.04006568895474205,17.929375278574735,0.1546762088019471,17.753532311405344,18.111472370248723,-0.05914510918572997,-0.17290602272715105,7.165298718970204,0.03880276450969251,7.13847133465219,7.23325297316186,-0.013143062229423857,-0.007269681617723123,0.7378831330451212,0.04747854418234339,0.674176248392845,0.7828884807617514,0.019069768259112514,0.03189031683832333,7.0,2.1213203435596424,5.0,10.0,-0.6000000000000012,3.0,97.15787278626016,0.3988480711309119,96.58134678324964,97.63555737911535,-0.07616261266466973,-1.0542105958657118,1,1.0
LOT-202607-0026,WC-02,RCP-DHF-01,2026-07-03 10:00:00,PASS,96.05899825393226,10,0.4015646729587184,1,10.097004276562679,18.22476551760771,18.02749458016179,0.8609100824721324,7.236942029215353,0.6991504738040059,CRITICAL,1,0.8624473863680473,0.015700399268564896,0.8494809482659277,0.8895466372206697,0.00018968352605740953,0.011429134206204727,17.912579720557353,0.13300048024312178,17.753532311405344,18.053424068784096,0.015107878633874148,0.2739622687564456,7.180600991342608,0.04990212022529903,7.13847133465219,7.236942029215353,-0.000274815665455252,0.09847069456316238,0.7428779781273533,0.03979245526325113,0.6991504738040059,0.7828884807617514,-0.0077888289847933894,-0.08373800695774558,7.0,2.1213203435596424,5.0,10.0,0.8999999999999994,2.0,96.95473922453982,0.6384756837223723,96.05899825393226,97.63555737911535,-0.32089953624810896,-0.5223485293173837,1,4.0
LOT-202607-0029,WC-02,RCP-SC2-01,2026-07-03 16:00:00,PASS,97.3317375983002,8,0.35909985227889146,0,6.484616034588216,18.002483776039085,18.08671853260933,0.8741059804237862,7.202655692195584,0.7573004353448155,NORMAL,0,0.8658475796391825,0.016090256764028244,0.8494809482659277,0.8895466372206697,0.0009186906472241213,0.013195897951653768,17.96952156541861,0.13476196820261335,17.753532311405344,18.08671853260933,0.016764517367977082,0.05922395244753886,7.1744815351493525,0.04326611356371838,7.13847133465219,7.236942029215353,0.019931719050916202,-0.034286337019768354,0.7387930759822935,0.0362078097695217,0.6991504738040059,0.7828884807617514,0.005549752841527441,0.05814996154080965,7.2,2.16794833886788,5.0,10.0,1.0999999999999996,-2.0,96.93897775476117,0.6252462699179611,96.05899825393226,97.63555737911535,-0.10875814469996181,1.2727393443679347,1,3.0
LOT-202607-0032,WC-02,RCP-DHF-01,2026-07-03 22:00:00,PASS,97.09317509518914,9,0.24145887658068224,0,12.515206796309592,18.002944439927756,17.854318563471207,0.8376284892566019,7.220607570934181,0.7534300791423257,WATCH,0,0.8623344275278237,0.020351276911934585,0.8376284892566019,0.8895466372206697,-0.007921126377027838,-0.03647749116718424,17.929700464356035,0.13317906501482124,17.753532311405344,18.08671853260933,0.018894667988137593,-0.23239996913812178,7.188883528653444,0.04446451535298545,7.13847133465219,7.236942029215353,0.021391746687192202,0.017951878738596605,0.7487535265952653,0.030518912709147025,0.6991504738040059,0.7828884807617514,-0.002072421497914129,-0.0038703562024897664,8.0,1.8708286933869707,5.0,10.0,0.8000000000000003,1.0,96.94016302195732,0.6256031283747155,96.05899825393226,97.63555737911535,-0.033437375280197475,-0.23856250311105498,1,2.0
LOT-202607-0035,WC-02,RCP-SC2-01,2026-07-04 04:00:00,PASS,97.57905976435674,7,0.2026092430375462,0,9.022296215659551,17.971632996219892,17.874999266710184,0.8872699090999457,7.155830200972155,0.7129083724410212,NORMAL,0,0.8618790819036788,0.01960188176211687,0.8376284892566019,0.8872699090999457,0.005229632845250412,0.049641419843343804,17.91941265087157,0.1354612836124476,17.753532311405344,18.08671853260933,0.006975789391909053,0.02068070323897686,7.190901365593892,0.04218785449852804,7.13847133465219,7.236942029215353,0.0018383274358746773,-0.06477736996202577,0.741135568298784,0.034333971399934264,0.6991504738040059,0.7828884807617514,-0.008568061130314105,-0.040521706701304505,8.4,1.140175425099138,7.0,10.0,-0.30000000000000115,-2.0,96.92886349900559,0.6102242285249747,96.05899825393226,97.57905976435674,0.30296028034710404,0.48588466916760353,1,1.0
LOT-202607-0038,WC-02,RCP-DHF-01,2026-07-04 10:00:00,PASS,97.30285562949408,7,0.29754052300541484,1,7.607280414708015,17.93830158670123,18.089788812032108,0.8663214446930582,7.189139358888373,0.759413485883039,CRITICAL,1,0.8652471811891049,0.018345540874654807,0.8376284892566019,0.8872699090999457,0.002398665311801079,-0.02094846440688758,17.98666395099692,0.11434279585892669,17.854318563471207,18.089788812032108,-0.008713080215850115,0.21478954532192418,7.20103497044113,0.031064477525941037,7.155830200972155,7.236942029215353,-0.014243083187738719,0.03330915791621791,0.7364405693230415,0.028265915267029134,0.6991504738040059,0.759413485883039,0.007613396125427158,0.0465051134420178,8.2,1.3038404810405297,7.0,10.0,-0.7000000000000006,0.0,97.07316526825448,0.592554149257976,96.05899825393226,97.57905976435674,0.2735036917180154,-0.2762041348626667,1,2.0
LOT-202607-0041,WC-02,RCP-SC1-01,2026-07-04 16:00:00,PASS,97.76755141397604,4,0.1705737902711653,0,8.580772832416617,18.153959682961005,18.155460184189764,0.8323225666507263,7.2156449669161935,0.7245490736934501,NORMAL,0,0.8595296780248237,0.023706571267196906,0.8323225666507263,0.8872699090999457,-0.00548738721096648,-0.033998878042331815,18.012257071802516,0.13770175085904635,17.854318563471207,18.155460184189764,0.03729535517217659,0.06567137215765584,7.196775557981297,0.025949129130424107,7.155830200972155,7.220607570934181,-0.0005489662604594614,0.026505608027820315,0.7415202893009303,0.021317167569546307,0.7129083724410212,0.759413485883039,-0.0059519316562018235,-0.03486441218958891,7.0,1.87082869338697,4.0,9.0,-1.000000000000001,-3.0,97.41487590026324,0.2618626956551728,97.09317509518914,97.76755141397604,0.10813081656564887,0.464695784481961,1,1.0
LOT-202607-0044,WC-02,RCP-O3-01,2026-07-04 22:00:00,PASS,97.34995192333983,5,0.2670957649026344,0,13.574974453235734,17.932724068906364,17.906852061256014,0.831341057581294,7.279289045995392,0.7813293356973193,WARNING,1,0.8509766934563252,0.024821201072496867,0.831341057581294,0.8872699090999457,-0.006752220579983544,-0.0009815090694323958,17.976283777531854,0.13687805371752934,17.854318563471207,18.155460184189764,0.03855279130491716,-0.24860812293374934,7.212102228741259,0.045532391638982365,7.155830200972155,7.279289045995392,0.017717771606645318,0.06364407907919833,0.7463260693714311,0.027558828386498372,0.7129083724410212,0.7813293356973193,0.006743921436241559,0.05678026200386921,6.4,1.949358868961792,4.0,9.0,-1.1000000000000005,1.0,97.41851876527116,0.2605403417429341,97.09317509518914,97.76755141397604,0.07020453059206505,-0.4175994906362064,0,
LOT-202607-0047,WC-02,RCP-SC1-01,2026-07-05 04:00:00,PASS,97.52848922094289,6,0.2594410847938431,0,8.94831929838862,17.9526416953816,18.008440897839378,0.8799974084642127,7.2050274353246975,0.7268527661409693,WATCH,0,0.8594504772978475,0.026312403785917038,0.831341057581294,0.8872699090999457,-0.004952538838323074,0.04865635088291875,18.00710824440549,0.11869102168381078,17.874999266710184,18.155460184189764,0.008394651148228575,0.10158883658336393,7.208986201619362,0.04533750788367451,7.155830200972155,7.279289045995392,0.018854415581209927,-0.07426161067069437,0.7410106067711598,0.02839642564985951,0.7129083724410212,0.7813293356973193,0.004980463721417505,-0.05447656955635005,5.8,1.3038404810405282,4.0,7.0,-0.40000000000000047,1.0,97.50558159042191,0.18699625567386424,97.30285562949408,97.76755141397604,-0.005404479298202085,0.17853729760305725,0,
LOT-202607-0050,WC-02,RCP-O3-01,2026-07-05 10:00:00,PASS,96.48459809269656,13,0.40863268459500274,0,9.738477376134346,18.06340059293381,18.283849309893796,0.851048130234692,7.140084585560448,0.7214971346673719,WATCH,0,0.8522061215247966,0.02123467429417054,0.831341057581294,0.8799974084642127,0.0017128212896753204,-0.02894927822952076,18.088878253042214,0.14322307625784286,17.906852061256014,18.283849309893796,0.024110170937299287,0.2754084120544178,7.20583707853702,0.05023506219313973,7.140084585560448,7.279289045995392,-0.0108727078247345,-0.06494284976424947,0.7427283592164299,0.02646561264469016,0.7214971346673719,0.7813293356973193,-0.007352900998381548,-0.005355631473597411,7.0,3.5355339059327378,4.0,13.0,1.3999999999999995,7.0,97.28668925608989,0.4840737002203731,96.48459809269656,97.76755141397604,-0.1875577266628173,-1.0438911282463295,0,
LOT-202607-0053,WC-02,RCP-DHF-01,2026-07-05 16:00:00,PASS,96.83085956748685,8,0.3367479619452783,2,11.836721253736794,17.881815379654615,18.058834339298638,0.8491511117032721,7.265673173977391,0.7126923952500528,WATCH,0,0.8487720549268394,0.01971530014599804,0.831341057581294,0.8799974084642127,0.005336416275848794,-0.0018970185314198806,18.08268735849552,0.14384155349720368,17.906852061256014,18.283849309893796,0.018374555885550998,-0.22501497059515785,7.221143841554825,0.05528179040123168,7.140084585560448,7.279289045995392,-0.003914804631255124,0.1255885884169432,0.7333841410898326,0.027335454213149132,0.7126923952500528,0.7813293356973193,-0.008354555791674214,-0.008804739417319074,7.2,3.5637059362410923,4.0,13.0,1.6,-5.0,97.19229004368843,0.5244694189971811,96.48459809269656,97.76755141397604,-0.27387375236217376,0.3462614747902961,1,10.0
LOT-202607-0056,WC-02,RCP-SC1-01,2026-07-05 22:00:00,PASS,97.4814104278985,4,0.2205418184385286,0,3.1186185520095253,17.908067256756908,17.782304876893306,0.8421305817902129,7.193212870652556,0.7508946592855413,NORMAL,0,0.8507336579547367,0.018090441592664524,0.831341057581294,0.8799974084642127,-0.0009267248343103786,-0.007020529913059126,18.008056297036227,0.1869801757347781,17.782304876893306,18.283849309893796,-0.019870092726615364,-0.2765294624053318,7.216657422302097,0.05673087149991298,7.140084585560448,7.279289045995392,-0.011150661203298455,-0.072460303324835,0.7386532582082509,0.027742792233759934,0.7126923952500528,0.7813293356973193,-0.007502972371447336,0.03820226403548854,7.2,3.5637059362410923,4.0,13.0,-7.906317581596622e-16,-4.0,97.13506184647292,0.4573189000825522,96.48459809269656,97.52848922094289,-0.043471264433883404,0.6505508604116415,1,9.0
LOT-202607-0059,WC-02,RCP-SC1-01,2026-07-06 04:00:00,PASS,97.83712607164495,5,0.298577314428742,0,6.98813831734681,17.94972737770425,17.901225040351385,0.8582381798887075,7.246292728395729,0.7172597593164376,NORMAL,0,0.8561130824162195,0.014531088832222866,0.8421305817902129,0.8799974084642127,-0.0052436005595490436,0.016107598098494602,18.0069308928553,0.18775691189899488,17.782304876893306,18.283849309893796,-0.07159761479764884,0.11892016345807832,7.2100581587821635,0.04901873828021205,7.140084585560448,7.265673173977391,0.013565887123417244,0.05307985774317281,0.7258393429320746,0.014950770591830455,0.7126923952500528,0.7508946592855413,0.0010211510969105528,-0.03363489996910374,7.2,3.5637059362410923,4.0,13.0,-1.100000000000001,1.0,97.23249667613395,0.5558351838598498,96.48459809269656,97.83712607164495,0.1614086036605959,0.3557156437464499,1,8.0
LOT-202607-0062,WC-02,RCP-SC2-01,2026-07-06 10:00:00,PASS,97.23187543683652,2,0.3066335362244399,1,7.7040014165997235,17.913383454217055,18.23798037115157,0.7925392843914897,7.184984244581862,0.7433012170765441,NORMAL,0,0.8386214576016748,0.026391249695013518,0.7925392843914897,0.8582381798887075,-0.010793062350096983,-0.06569889549721786,18.052838787517736,0.21439131232842878,17.782304876893306,18.283849309893796,-0.024934717643172257,0.3367553308001838,7.206049520633597,0.0503348634301404,7.140084585560448,7.265673173977391,0.007041887246116144,-0.061308483813866665,0.7291290331191895,0.016910661426738614,0.7126923952500528,0.7508946592855413,0.004817552888472921,0.026041457760106468,6.4,4.277849927241487,2.0,13.0,-2.500000000000001,-3.0,97.17317391931267,0.5316492872273623,96.48459809269656,97.83712607164495,0.25008211924379387,-0.6052506348084279,1,7.0
LOT-202607-0065,WC-02,RCP-SC1-01,2026-07-06 16:00:00,PASS,97.46026416738478,7,0.3375464244232663,1,12.184024245767953,17.95867001904202,17.92465915901519,0.8571388154355475,7.200144762946756,0.7323637319496753,WATCH,0,0.8398395946418459,0.027235286399423644,0.7925392843914897,0.8582381798887075,-0.0033615889934172872,0.0645995310440578,17.981000757342017,0.17400803287821234,17.782304876893306,18.23798037115157,0.01873251336913641,-0.31332121213637976,7.218061556110859,0.035694685979583,7.184984244581862,7.265673173977391,-0.013928544813196789,0.01516051836489396,0.7313023525756502,0.016374390788706325,0.7126923952500528,0.7508946592855413,0.0031749231190246366,-0.010937485126868762,5.2,2.387467277262663,2.0,8.0,-0.40000000000000063,5.0,97.36830713425033,0.3703049898786246,96.83085956748685,97.83712607164495,0.10092742087337042,0.2283887305482608,1,6.0
LOT-202607-0068,WC-02,RCP-SC1-01,2026-07-06 22:00:00,PASS,98.1346803879995,3,0.1651977450461018,0,12.995624406979774,18.01212135773984,18.08841916374858,0.860947480975003,7.163282127459543,0.7065209983253,WATCH,0,0.8421988684961921,0.028714329832436228,0.7925392843914897,0.860947480975003,0.003653443391641936,0.003808665539455469,17.986917722232008,0.1777784978644497,17.782304876893306,18.23798037115157,0.06356626923743237,0.16376000473339047,7.197583346807289,0.030551500760256874,7.163282127459543,7.246292728395729,-0.010600945183500934,-0.03686263548721325,0.7300680731906997,0.018252742763933464,0.7065209983253,0.7508946592855413,-0.0073643349287245904,-0.02584273362437528,4.2,1.9235384061671317,2.0,7.0,-2.2723817842398775e-16,-4.0,97.62907129835284,0.35601666841518703,97.23187543683652,98.1346803879995,0.09296780159417202,0.6744162206147166,1,5.0
LOT-202607-0071,WC-02,RCP-SC1-01,2026-07-07 04:00:00,PASS,96.99906586495383,6,0.4456787342705415,0,3.2371936410237194,18.074957519647135,17.902184285903935,0.8085371038847561,7.164234140036272,0.75695787524795,NORMAL,0,0.8354801729151008,0.032424744922005214,0.7925392843914897,0.860947480975003,-0.0030993955424390976,-0.052410377090246874,18.01089360403413,0.14904688979074449,17.901225040351385,18.23798037115157,-0.014764271629790611,-0.18623487784464388,7.191787600684033,0.03412730563502862,7.163282127459543,7.246292728395729,-0.018581929384124726,0.0009520125767288334,0.7312807163831814,0.020091121934676742,0.7065209983253,0.75695787524795,0.004261601311178015,0.050436876922649976,4.6,2.0736441353327697,2.0,7.0,0.2999999999999994,3.0,97.53260238576392,0.45704576650655304,96.99906586495383,98.1346803879995,-0.07733154622193841,-1.1356145230456605,1,4.0
LOT-202607-0074,WC-02,RCP-DHF-01,2026-07-07 10:00:00,PASS,97.59216731820567,4,0.27507217459118005,2,6.134058220130562,18.007976830105928,18.005310210558118,0.8593223604244238,7.2275767684436225,0.7591008690647251,NORMAL,0,0.835697009022244,0.03261803284749323,0.7925392843914897,0.860947480975003,0.008496444051507653,0.0507852565396677,18.031710638075477,0.13665388515905358,17.902184285903935,18.23798037115157,-0.04878151942981606,0.10312592465418291,7.188044408693611,0.02691974233855401,7.163282127459543,7.2275767684436225,0.0049274424813026355,0.06334262840735061,0.7396489383328388,0.021458393972636314,0.7065209983253,0.7591008690647251,0.005619344727463659,0.002142993816775074,4.4,2.0736441353327693,2.0,7.0,0.3,-2.0,97.48361063507605,0.4284786104530631,96.99906586495383,98.1346803879995,0.0259385460307239,0.5931014532518333,1,3.0
LOT-202607-0077,WC-02,RCP-SC2-01,2026-07-07 16:00:00,PASS,96.63364166099747,3,0.42138986996091615,0,4.718066983174106,18.038424625377935,18.033484066868436,0.8537732981890338,7.2693874459703745,0.7662575632314857,NORMAL,0,0.8479438117817528,0.022192264490956886,0.8085371038847561,0.860947480975003,-0.000835615504360721,-0.005549062235389979,17.990811377218854,0.07711895339274043,17.902184285903935,18.08841916374858,0.013454086251602148,0.028173856310317547,7.2049250489713135,0.044947845160776906,7.163282127459543,7.2693874459703745,0.020278000703131516,0.04181067752675194,0.7442402075638272,0.024653253845879936,0.7065209983253,0.7662575632314857,0.012036753330304552,0.00715669416676068,4.6,1.8165902124584923,3.0,7.0,-0.7000000000000005,-1.0,97.36396387990825,0.5748642438036315,96.63364166099747,98.1346803879995,-0.21957580825685263,-0.9585256572081988,1,2.0
LOT-202607-0080,WC-02,RCP-SC2-01,2026-07-07 22:00:00,PASS,97.2147907485771,9,0.2695914888923698,0,7.314905975849957,17.951944269778455,17.87580490174079,0.8424231437970776,7.116093036373915,0.7143982909644832,NORMAL,0,0.8450006774540588,0.021636808321676203,0.8085371038847561,0.860947480975003,0.0008187519948426757,-0.011350154391956191,17.981040525763973,0.08966933370364386,17.87580490174079,18.08841916374858,-0.029392874305108913,-0.15767916512764657,7.188114703656746,0.06028385338969578,7.116093036373915,7.2693874459703745,0.001077512376284367,-0.15329440959645968,0.7406471193667887,0.027910883182495974,0.7065209983253,0.7662575632314857,0.002505427326190118,-0.0518592722670026,5.0,2.549509756796391,3.0,9.0,0.8999999999999994,6.0,97.31486919614672,0.5750658729855469,96.63364166099747,98.1346803879995,-0.22052034828011477,0.5811490875796324,1,1.0
LOT-202607-0083,WC-02,RCP-DHF-01,2026-07-08 04:00:00,PASS,96.0976350365144,4,0.44187962388642804,1,8.59361299207933,18.01814984144102,17.97620194052831,0.8466469580601693,7.1935000245459975,0.7338169427913704,CRITICAL,1,0.8421405728710921,0.019875327692687014,0.8085371038847561,0.8593223604244238,0.005932049172347935,0.0042238142630917075,17.958597081119915,0.06733694491440505,17.87580490174079,18.033484066868436,0.0018530000431398737,0.10039703878751993,7.194158283074036,0.058664922435954454,7.116093036373915,7.2693874459703745,-0.005295196305025799,0.07740698817208269,0.7461063082600028,0.02150066893123239,0.7143982909644832,0.7662575632314857,-0.009098444301340214,0.01941865182688729,5.2,2.387467277262663,3.0,9.0,0.09999999999999933,-5.0,96.9074601258497,0.5706270431239765,96.0976350365144,97.59216731820567,-0.21802382265075518,-1.1171557120626971,1,1.0
LOT-202607-0086,WC-02,RCP-DHF-01,2026-07-08 10:00:00,PASS,97.6273785056505,9,0.502610877635362,1,6.71302271865444,18.016269161975657,17.91138315507718,0.9145948308234221,7.241338954296391,0.6806676189697146,CRITICAL,1,0.8633521182588254,0.029372149574020116,0.8424231437970776,0.9145948308234221,0.010341860066913157,0.06794787276325276,17.960436854954565,0.06551122825725766,17.87580490174079,18.033484066868436,-0.024513623730204336,-0.06481878545113062,7.209579245926061,0.05896571762833069,7.116093036373915,7.2693874459703745,-0.004836304971884806,0.04783892975039361,0.7308482570043557,0.0348193192326438,0.6806676189697146,0.7662575632314857,-0.018930712063013683,-0.053149323821655825,5.8,2.9495762407505244,3.0,9.0,1.0999999999999999,5.0,97.03312265398904,0.6582925634974277,96.0976350365144,97.6273785056505,-0.04655842495934906,1.5297434691360934,1,6.0
LOT-202607-0089,WC-02,RCP-O3-01,2026-07-08 16:00:00,PASS,96.84280837322115,9,0.5166568767247227,0,7.78631347589963,17.894909751279666,17.981670984977384,0.8690796305730685,7.277108841410147,0.731811118036498,WATCH,0,0.8653035722885543,0.029361612980853033,0.8424231437970776,0.9145948308234221,0.010278435179441244,-0.045515200250353605,17.955709009838422,0.06223421837821644,17.87580490174079,18.033484066868436,-0.006804791044574114,0.07028782990020588,7.219485660519365,0.06643318752833204,7.116093036373915,7.277108841410147,0.014068870880201567,0.03576988711375595,0.7253903067987104,0.031238241300511765,0.6806676189697146,0.7662575632314857,-0.010262356238474483,0.05114349906678339,6.8,3.03315017762062,3.0,9.0,1.2,0.0,96.88325086499212,0.5798226495691223,96.0976350365144,97.6273785056505,0.08309211815207831,-0.7845701324293515,1,5.0
LOT-202607-0092,WC-02,RCP-SC1-01,2026-07-08 22:00:00,PASS,96.57111513419053,5,0.519629619923402,1,4.961754687550333,18.008215181676356,18.24022892093142,0.8872980214781455,7.1458975151948785,0.7587016925084366,WATCH,0,0.8720085169463765,0.0298933288016352,0.8424231437970776,0.9145948308234221,0.011218242787503456,0.018218390905077042,17.997057980651014,0.1430439837293312,17.87580490174079,18.24022892093142,0.0734317082830324,0.258557935954034,7.194787674364266,0.06619771136755775,7.116093036373915,7.277108841410147,0.014321777450606954,-0.13121132621526854,0.7238791326541005,0.0288591770987984,0.6806676189697146,0.7587016925084366,0.008660097833303322,0.026890574471938544,7.2,2.489979919597747,4.0,9.0,-0.3000000000000007,-4.0,96.87074555963073,0.5871795437144232,96.0976350365144,97.6273785056505,-0.05421778920664483,-0.27169323903061127,1,4.0
LOT-202607-0095,WC-02,RCP-SC2-01,2026-07-09 04:00:00,PASS,97.16384010337521,6,0.4425440063945604,0,13.305587287136511,18.07355302333921,18.15060763486171,0.8332888724690682,7.203326444946863,0.7454604475162125,WATCH,0,0.8701816626807748,0.03233293216249438,0.8332888724690682,0.9145948308234221,-0.0054012980527479515,-0.05400914900907727,18.052018527275198,0.137493821553456,17.91138315507718,18.24022892093142,0.06776571545210147,-0.08962128606970765,7.212234356078855,0.04971589032087427,7.1458975151948785,7.277108841410147,-0.007578859829978753,0.05742892975198455,0.7300915639644464,0.029640781405794826,0.6806676189697146,0.7587016925084366,0.010132108298840588,-0.01324124499222401,6.6,2.3021728866442674,4.0,9.0,-4.0506587324551216e-16,1.0,96.86055543059037,0.5801158057045692,96.0976350365144,97.6273785056505,0.10761467622616351,0.5927249691846725,1,3.0
LOT-202607-0098,WC-02,RCP-O3-01,2026-07-09 10:00:00,PASS,96.60289103602747,12,0.25766808515304573,0,9.303364864909737,18.088812329270613,18.13349686683374,0.8578335323472066,7.245120200469704,0.747255368366118,NORMAL,0,0.8724189775381822,0.030640007021856253,0.8332888724690682,0.9145948308234221,-0.014931335505643243,0.024544659878138364,18.083477512536287,0.13375390656395306,17.91138315507718,18.24022892093142,0.06131640733974309,-0.01711076802796896,7.222558391263597,0.0502101933685431,7.1458975151948785,7.277108841410147,-0.006621990411666654,0.041793755522840925,0.732779249079396,0.030654947264404132,0.6806676189697146,0.7587016925084366,0.01468248282725208,0.0017949208499054015,8.2,2.774887385102322,5.0,12.0,0.2999999999999992,6.0,96.96160663049298,0.4414249878611142,96.57111513419053,97.6273785056505,-0.17279432090921004,-0.5609490673477353,1,2.0
LOT-202607-0101,WC-02,RCP-SC1-01,2026-07-09 16:00:00,PASS,97.384903434544,10,0.25295729553210816,0,5.246235160522414,17.96497636013025,17.991288431533604,0.8840995163206311,7.239536203327892,0.7599358866569669,NORMAL,0,0.8663199146376239,0.021948118745025866,0.8332888724690682,0.8872980214781455,5.75282364184948e-05,0.0262659839734245,18.099458567827572,0.1108668325404561,17.981670984977384,18.24022892093142,-0.00874971609852429,-0.14220843530013738,7.222197841069897,0.05004782873631191,7.1458975151948785,7.277108841410147,0.0024077409110310317,-0.005583997141812347,0.7486329026168465,0.011446314762155312,0.731811118036498,0.7599358866569669,0.004480321309861882,0.01268051829084893,8.4,2.8809720581775875,5.0,12.0,0.8999999999999999,-2.0,96.91311161627166,0.3548215192812239,96.57111513419053,97.384903434544,0.11159660244825342,0.7820123985165282,1,1.0
LOT-202607-0104,WC-02,RCP-DHF-01,2026-07-09 22:00:00,PASS,97.32466116467766,10,0.46686538526987265,0,13.649991798285626,18.04531210821274,18.054798859535936,0.8613110322518244,7.213051815332862,0.7658356214913352,CRITICAL,1,0.8647661949733753,0.02197886662522713,0.8332888724690682,0.8872980214781455,-0.00011633346010800149,-0.022788484068806736,18.114084142739284,0.09515363352721687,17.991288431533604,18.24022892093142,-0.05301793261190691,0.06351042800233131,7.209386435854441,0.03958191492120855,7.1458975151948785,7.245120200469704,0.0170518358656993,-0.026484387995029834,0.7554378033078138,0.008739282288534241,0.7454604475162125,0.7658356214913352,0.0028743297106550558,0.005899734834368342,8.6,2.9664793948382657,5.0,12.0,1.3999999999999992,0.0,97.00948217456298,0.39420404122200353,96.57111513419053,97.384903434544,0.17281553921429724,-0.06024226986633607,1,3.0
LOT-202607-0107,WC-02,RCP-SC1-01,2026-07-10 04:00:00,PASS,96.78446837817374,6,0.47377010236342143,1,4.06837257901275,17.830109003276565,18.023686173369136,0.8081986407041062,7.1590201962999,0.7257049544732809,WATCH,0,0.8489463188185674,0.029039390898900175,0.8081986407041062,0.8840995163206311,-0.004670296362530617,-0.053112391547718185,18.070775593226823,0.06909774126276866,17.991288431533604,18.15060763486171,-0.03325409302829629,-0.031112686166800074,7.212010972075444,0.03441796785035249,7.1590201962999,7.245120200469704,-0.01206808824307731,-0.05403161903296194,0.7488384557007827,0.015501069338805684,0.7257049544732809,0.7658356214913352,-0.0020930732960646996,-0.040130667018054345,8.8,2.6832815729997486,6.0,12.0,-0.20000000000000132,-4.0,97.05215282335962,0.34312859455312783,96.60289103602747,97.384903434544,-0.0036973321752820877,-0.5401927865039227,1,2.0
LOT-202607-0110,WC-02,RCP-SC2-01,2026-07-10 10:00:00,PASS,97.42516817510037,9,0.4443972591566071,1,7.286071702007125,18.031305088034188,18.18044705061855,0.8012098952454229,7.241586208498849,0.7301847381953679,NORMAL,0,0.8425305233738383,0.03605878273229953,0.8012098952454229,0.8840995163206311,-0.01891481498200929,-0.006988745458683332,18.076743476378194,0.07838141829980347,17.991288431533604,18.18044705061855,0.012629810940516442,0.15676087724941468,7.219662924785841,0.03621083311812229,7.1590201962999,7.245120200469704,-0.008758399096970309,0.08256601219894932,0.7457833138366137,0.017684833763790715,0.7257049544732809,0.7658356214913352,-0.006837219252518725,0.004479783722087016,9.4,2.1908902300206665,6.0,12.0,-1.0000000000000013,3.0,97.10441843770465,0.3820853509043204,96.60289103602747,97.42516817510037,0.1044119221775424,0.6406997969266257,1,1.0
LOT-202607-0113,WC-02,RCP-DHF-01,2026-07-10 16:00:00,PASS,96.94506843782514,5,0.4187811251836864,2,4.5778323767059454,18.042025677444244,17.935736359066055,0.8699822344675119,7.141338712280823,0.7543275828671963,CRITICAL,1,0.8449602637978992,0.037718826248408985,0.8012098952454229,0.8840995163206311,-0.008833570071264112,0.06877233922208903,18.037191374824655,0.09139858184995042,17.935736359066055,18.18044705061855,0.0014544046147510843,-0.2447106915524948,7.198906627148065,0.046307093575340824,7.141338712280823,7.241586208498849,-0.016786058892815627,-0.1002474962180262,0.7471977567368293,0.018109719256182138,0.7257049544732809,0.7658356214913352,-0.004686749087550933,0.024142844671828367,8.0,2.3452078799117144,5.0,10.0,-1.1000000000000019,-4.0,97.17285391806419,0.2891377156611825,96.78446837817374,97.42516817510037,-0.07791629830152068,-0.4800997372752249,0,
LOT-202607-0116,WC-02,RCP-SC1-01,2026-07-10 22:00:00,PASS,96.84267391767605,10,0.2881729034288188,1,8.246730490271313,17.925273061006592,18.177210115852795,0.853240096069051,7.154800820747073,0.8083404399573114,NORMAL,0,0.8387883797475834,0.03176890454901701,0.8012098952454229,0.8699822344675119,0.004564172139785882,-0.016742138398460837,18.074375711688493,0.10488040349969335,17.935736359066055,18.18044705061855,0.015687269833062487,0.2414737567867391,7.181959550631902,0.04311592034007741,7.141338712280823,7.241586208498849,-0.01341834731906643,0.013462108466249845,0.7568786673968984,0.03323934162873754,0.7257049544732809,0.8083404399573114,0.011363226532586732,0.05401285709011516,8.0,2.3452078799117144,5.0,10.0,-0.10000000000000121,5.0,97.0644080146906,0.2913990991301516,96.78446837817374,97.42516817510037,-0.08033744343518524,-0.10239452014909034,0,
LOT-202607-0119,WC-02,RCP-SC1-01,2026-07-11 04:00:00,PASS,96.24603470778892,7,0.4204287530504126,3,12.812103550048498,17.891035025873244,17.96207233300979,0.8192113691227606,7.150949644752302,0.7589003653532197,WATCH,0,0.8303684471217705,0.029826860072088384,0.8012098952454229,0.8699822344675119,0.00740556576609365,-0.034028726946290444,18.055830406383265,0.11673554528416276,17.935736359066055,18.18044705061855,-0.012646461548446675,-0.215137782843005,7.16953911651579,0.04080281781737449,7.141338712280823,7.241586208498849,-0.010292649084697746,-0.0038511759947708057,0.7554916161692752,0.03291525485274337,0.7257049544732809,0.8083404399573114,0.01445465235218205,-0.04944007460409172,7.4,2.0736441353327706,5.0,10.0,0.2999999999999993,-3.0,96.84868272331285,0.4210017519459745,96.24603470778892,97.42516817510037,-0.16593615981939738,-0.5966392098871296,0,
LOT-202607-0015,WC-03,RCP-DHF-01,2026-07-02 12:00:00,PASS,96.96387268562412,13,0.33367451324489206,1,10.99542342707441,17.991221265469584,17.882568662872888,0.8542565219011432,7.1937350936311875,0.7344113923795567,CRITICAL,1,0.8443559176639599,0.02120752438324241,0.8092461402636518,0.8652064528913405,0.00748190028018392,0.0042518294829468894,17.972609422735662,0.12839368531189632,17.820792606131697,18.127748823832977,0.017635864149451404,-0.2451801609600892,7.231599779447862,0.08104451895764339,7.166130169438117,7.365293656142665,-0.03261285607131099,0.010616359883217186,0.7189180370656147,0.02226812336973363,0.693425952013821,0.7375110531409542,-0.0008540143314158418,0.040985440365735704,9.2,3.2710854467592254,5.0,13.0,1.6999999999999997,1.0,96.98588545587127,0.25605320885482385,96.64240629673495,97.29428040356797,-0.031976664661009686,0.3214663888891778,1,6.0
LOT-202607-0018,WC-03,RCP-SC1-01,2026-07-02 18:00:00,PASS,96.98107452958638,8,0.48917184335448094,0,4.569107472040642,17.943013034846985,18.08029016173933,0.8539119318511368,7.175902338430858,0.76898003667486,NORMAL,0,0.8532890759814569,0.008041310718444923,0.8430657808454675,0.8652064528913405,-0.0011398301024732225,-0.0003445900500064214,18.024508933857184,0.10126543485714637,17.882568662872888,18.127748823832977,-0.0063730330310037475,0.19772149886644286,7.1937215159055,0.03289070627676523,7.166130169438117,7.249721244279371,-0.003644181266270303,-0.01783275520032923,0.7252118337723958,0.031408284921360725,0.693425952013821,0.76898003667486,0.014736290413035162,0.034568644295303375,9.2,3.2710854467592254,5.0,13.0,1.0999999999999999,-5.0,97.00989027755577,0.24688620094095048,96.64240629673495,97.29428040356797,-0.0703893603301931,0.01720184396225477,1,5.0
LOT-202607-0021,WC-03,RCP-O3-01,2026-07-03 00:00:00,PASS,96.18877447345419,13,0.2358290878251007,1,2.759941744430697,18.178378547312764,18.131590467146534,0.8470343771306643,7.215395670390177,0.7391375216828621,NORMAL,0,0.8496546608293215,0.004735589458922539,0.8430657808454675,0.8542565219011432,0.001184443200333308,-0.006877554720472467,18.03583856812233,0.11101788245251315,17.882568662872888,18.131590467146534,0.03017328221595789,0.051300305407202984,7.2035746160959135,0.029792041275601932,7.175902338430858,7.249721244279371,-0.007586754309550678,0.03949333195931892,0.7338859833479316,0.026910176141278778,0.693425952013821,0.76898003667486,0.008687910004964565,-0.02984251499199797,10.8,2.5884358211089573,8.0,13.0,0.5999999999999994,5.0,96.81408167779352,0.4187470331454673,96.18877447345419,97.29428040356797,-0.18723436273761632,-0.7923000561321913,1,4.0
LOT-202607-0024,WC-03,RCP-SC1-01,2026-07-03 06:00:00,PASS,97.29401229615401,6,0.2679671897777676,1,4.531212661864555,17.933538409471574,17.919894270174485,0.8294543288138906,7.124201851145678,0.7626040516149682,NORMAL,0,0.8469323704230062,0.01021382615507359,0.8294543288138906,0.8542565219011432,-0.004832287197909117,-0.017580048316773733,18.02841847715324,0.11858680447089563,17.882568662872888,18.131590467146534,-0.01666873030433641,-0.21169619697204922,7.1784707374691745,0.03380001407574223,7.124201851145678,7.215395670390177,-0.00961731884456108,-0.09119381924449943,0.7397117908732136,0.029797184021255533,0.693425952013821,0.76898003667486,0.014308232850559918,0.023466529932106184,10.4,3.2093613071762426,6.0,13.0,-1.2,-7.0,96.81402805631073,0.4186701801241299,96.18877447345419,97.29401229615401,0.05281137866680372,1.10523782269982,1,3.0
LOT-202607-0027,WC-03,RCP-SC1-01,2026-07-03 12:00:00,PASS,97.18606167479393,7,0.30347248525747156,0,9.640043358995673,17.895176260018765,18.13980080080858,0.7988559952707349,7.243795622682597,0.7742979296103654,NORMAL,0,0.8367026309935139,0.023430481323841363,0.7988559952707349,0.8542565219011432,-0.013525865629806283,-0.030598333543155665,18.030828872548362,0.12120414081211864,17.882568662872888,18.13980080080858,0.03540683843065111,0.21990653063409482,7.1906061152561,0.04494208382647484,7.124201851145678,7.243795622682597,0.0048420570817633525,0.11959377153691886,0.7558861863925225,0.018008716390535025,0.7344113923795567,0.7742979296103654,0.0073397089401725235,0.011693877995397117,9.4,3.361547262794322,6.0,13.0,-1.4000000000000012,1.0,96.92275913192252,0.4332959813464663,96.18877447345419,97.29401229615401,0.07573157449071344,-0.10795062136007516,1,2.0
LOT-202607-0030,WC-03,RCP-SC1-01,2026-07-03 18:00:00,PASS,97.27665004936469,7,0.33572739550593744,1,12.231472628473398,18.22859507385119,18.057110871676045,0.8645861183467947,7.141100279920264,0.7452529820459075,WATCH,0,0.8387685502826443,0.025709723300266822,0.7988559952707349,0.8645861183467947,-0.0026830008868614207,0.06573012307605974,18.065737314308997,0.08856979193603358,17.919894270174485,18.13980080080858,-0.0038148246464543433,-0.0826899291325347,7.1800791525139145,0.04991521836678158,7.124201851145678,7.243795622682597,-0.004120416472878057,-0.10269534276233294,0.7580545043257926,0.015212213083717892,0.7391375216828621,0.7742979296103654,-0.001229370133040214,-0.029044947564457857,8.2,2.7748873851023217,6.0,13.0,-0.8000000000000007,0.0,96.98531460467065,0.4623213576886636,96.18877447345419,97.29401229615401,0.15884382408963463,0.09058837457075697,1,1.0
LOT-202607-0033,WC-03,RCP-DHF-01,2026-07-04 00:00:00,PASS,98.20390258256177,6,0.35447514801059204,1,5.895724005324004,17.984401609110417,17.95433428908665,0.9118852099365252,7.135046045138519,0.7314587586984406,WARNING,1,0.8503632058997219,0.04209662459130329,0.7988559952707349,0.9118852099365252,0.016483345514462597,0.04729909158973056,18.04054613977846,0.10050410994530239,17.919894270174485,18.13980080080858,-0.02172957546182282,-0.10277658258939582,7.1719078938554475,0.053950912277030895,7.124201851145678,7.243795622682597,-0.014380082172873983,-0.006054234781744938,0.7505502487305088,0.017550234156452963,0.7314587586984406,0.7742979296103654,-0.0032708595537904593,-0.013794223347466938,7.8,2.9495762407505253,6.0,13.0,-1.300000000000001,-1.0,97.22988021526571,0.7142900572063943,96.18877447345419,98.20390258256177,0.4012893971425764,0.9272525331970769,0,
LOT-202607-0036,WC-03,RCP-SC1-01,2026-07-04 06:00:00,PASS,97.57583059910839,6,0.20596170466126554,0,8.759794900375546,18.002918460449138,17.999836934427474,0.9080094512616362,7.286456060498819,0.7955955045557785,NORMAL,0,0.8625582207259164,0.04913481397700948,0.7988559952707349,0.9118852099365252,0.027013945956128126,-0.003875758674888985,18.014195433234647,0.0870354462865607,17.919894270174485,18.13980080080858,-0.0025581183215977084,0.045502645340825154,7.186119971877176,0.07393068325641276,7.124201851145678,7.286456060498819,0.021575884116220276,0.15141001536029997,0.761841845305092,0.024966812188731174,0.7314587586984406,0.7955955045557785,0.0023143734969694367,0.06413674585733797,6.4,0.5477225575051662,6.0,7.0,-0.10000000000000009,0.0,97.50729144039656,0.4158836094992746,97.18606167479393,98.20390258256177,0.15814775136765727,-0.6280719834533812,0,
LOT-202607-0039,WC-03,RCP-DHF-01,2026-07-04 12:00:00,PASS,97.05110508087469,11,0.2078905888923023,0,4.099734049849858,18.10294738101164,18.026377708808578,0.8163926907755598,7.21239515680059,0.7187715196238501,WATCH,0,0.8599458931182502,0.05161924785495865,0.7988559952707349,0.9118852099365252,0.007849672392449122,-0.09161676048607648,18.035492120961464,0.06944175542170951,17.95433428908665,18.13980080080858,-0.028412012124859456,0.026540774381103915,7.203758633008158,0.06550554087711083,7.135046045138519,7.286456060498819,0.00825548488145376,-0.07406090369822849,0.7530753389068684,0.03147848736497861,0.7187715196238501,0.7955955045557785,-0.006071029746315996,-0.07682398493192844,7.4,2.073644135332772,6.0,11.0,0.6999999999999993,5.0,97.45870999734069,0.45898091594276025,97.05110508087469,98.20390258256177,0.002926736190516891,-0.5247255182336943,0,
LOT-202607-0042,WC-03,RCP-SC1-01,2026-07-04 18:00:00,PASS,97.49274103313618,5,0.35195589775358294,0,3.8429344033730786,17.94694609994906,18.03150283536566,0.873113276380796,7.238930347649107,0.7302094299289408,NORMAL,0,0.8747973493402623,0.03871938338816175,0.8163926907755598,0.9118852099365252,-0.007843820309296359,0.056720585605236296,18.013832527872882,0.038982539131310785,17.95433428908665,18.057110871676045,0.0020827347101142293,0.005125126557082638,7.202785578001459,0.06479440240247276,7.135046045138519,7.286456060498819,0.027300924711975056,0.02653519084851652,0.7442576389705835,0.03019632818545747,0.7187715196238501,0.7955955045557785,-0.0042774343308524514,0.01143791030509067,7.0,2.345207879911715,5.0,11.0,0.09999999999999945,-6.0,97.52004586900914,0.4332044790401276,97.05110508087469,98.20390258256177,-0.07206155341442164,0.44163595226149255,1,10.0
LOT-202607-0045,WC-03,RCP-SC1-01,2026-07-05 00:00:00,PASS,97.58731453428395,5,0.4254496116392493,0,13.5724040999648,17.90929831796642,18.015901594408316,0.8705200210058149,7.154750244148704,0.7667493850988839,WATCH,0,0.8759841298720665,0.03841792114028032,0.8163926907755598,0.9118852099365252,-0.011762655274226175,-0.0025932553749811182,18.005590672419338,0.03110537942179194,17.95433428908665,18.03150283536566,0.015480051158150689,-0.015601240957344942,7.205515570847147,0.06176226867001098,7.135046045138519,7.286456060498819,-0.0008117314829348602,-0.08418010350040284,0.7485569195811788,0.031858051614758714,0.7187715196238501,0.7955955045557785,0.0005195178174048171,0.03653995516994313,6.6,2.5099800796022267,5.0,11.0,-0.3000000000000003,0.0,97.58217876599299,0.4112923371858292,97.05110508087469,98.20390258256177,-0.13162656625279734,0.09457350114776375,1,9.0
LOT-202607-0048,WC-03,RCP-SC2-01,2026-07-05 06:00:00,PASS,97.29925362331875,6,0.4850042431589311,1,6.154573464333098,17.960420125557942,18.072172397567606,0.8704398959336911,7.264176218915142,0.7614940930602665,NORMAL,0,0.8676950670714996,0.03279502564632798,0.8163926907755598,0.9080094512616362,-0.0021011780425636627,-8.01250721238489e-05,18.029158294115526,0.026920827648832878,17.999836934427474,18.072172397567606,0.013419481187999084,0.056270803159289784,7.231341605602472,0.05098653878061382,7.154750244148704,7.286456060498819,-0.010220459581925042,0.10942597476643812,0.754563986453544,0.030636338312391317,0.7187715196238501,0.7955955045557785,-0.0020224957515990833,-0.00525529203861741,6.6,2.5099800796022267,5.0,11.0,-0.6000000000000008,1.0,97.4012489741444,0.22719690297607367,97.05110508087469,97.58731453428395,-0.001694449817015269,-0.2880609109651999,1,8.0
LOT-202607-0051,WC-03,RCP-SC2-01,2026-07-05 12:00:00,PASS,97.36152629808133,7,0.3330762717535577,0,2.884544829339822,18.13184897294591,17.872524138913374,0.863522098917965,7.191148690219488,0.7804701700212388,NORMAL,0,0.8587975966027654,0.02397078438142843,0.8163926907755598,0.873113276380796,0.009158543583770449,-0.006917797015726035,18.003695735012705,0.07637363862421095,17.872524138913374,18.072172397567606,-0.026703757758848878,-0.19964825865423208,7.212280131546606,0.04230743696402064,7.154750244148704,7.264176218915142,-0.001724706189616928,-0.0730275286956541,0.751538919546636,0.025962138880868128,0.7187715196238501,0.7804701700212388,0.015468196392610224,0.018976076960972255,6.8,2.4899799195977463,5.0,11.0,-0.7000000000000013,1.0,97.35838811393899,0.2051752978665363,97.05110508087469,97.58731453428395,0.042735502459574706,0.062272674762581914,1,7.0
LOT-202607-0054,WC-03,RCP-SC1-01,2026-07-05 18:00:00,PASS,97.30034358902581,6,0.4239759357415833,1,9.837080795650193,18.061531800157343,18.192763895205736,0.8408954052654561,7.198488199038635,0.7469602137848815,NORMAL,0,0.8636981395007446,0.013234706536532144,0.8408954052654561,0.873113276380796,-0.007143366431852993,-0.02262669365250891,18.036972972292137,0.11513812939850564,17.872524138913374,18.192763895205736,0.017914466418518817,0.3202397562923629,7.209498739994215,0.04275277875914959,7.154750244148704,7.264176218915142,-0.004448585115016457,0.0073395088191468005,0.7571766583788423,0.019264424297977523,0.7302094299289408,0.7804701700212388,0.004722235263423562,-0.03350995623635722,5.8,0.8366600265340756,5.0,7.0,0.39999999999999997,-1.0,97.40823581556921,0.12738715505556694,97.29925362331875,97.58731453428395,-0.061058312442350486,-0.06118270905551526,1,6.0
LOT-202607-0057,WC-03,RCP-O3-01,2026-07-06 00:00:00,PASS,97.25801225030024,9,0.37368804716986165,0,7.943607396630104,17.91187025363406,17.993595659278252,0.9075146917735024,7.142582150045466,0.705753652588668,NORMAL,0,0.870578422579286,0.023954038296440782,0.8408954052654561,0.9075146917735024,0.004444485086713919,0.06661928650804627,18.029391537074655,0.11682404873577414,17.872524138913374,18.192763895205736,0.00759796273779952,-0.199168235927484,7.190229100473486,0.047608339110493475,7.142582150045466,7.264176218915142,-0.009002420808298937,-0.055906048993168866,0.7522855029107877,0.028644149835934034,0.705753652588668,0.7804701700212388,-0.013652534429581663,-0.041206561196213576,6.6,1.5165750888103102,5.0,9.0,0.7999999999999996,3.0,97.36129005900202,0.131640055226706,97.25801225030024,97.58731453428395,-0.06575146022604682,-0.0423313387255746,1,5.0
LOT-202607-0060,WC-03,RCP-SC2-01,2026-07-06 06:00:00,PASS,96.6349925340362,9,0.416212932582487,0,13.71073510737588,18.081374187809615,17.857354995021765,0.8461465234525702,7.160399304188115,0.7810134929893916,WATCH,0,0.8657037230686371,0.026330992245014385,0.8408954052654561,0.9075146917735024,-0.00045941521067051995,-0.06136816832093217,17.997682217197344,0.14051567694125955,17.857354995021765,18.192763895205736,-0.030856328472681816,-0.13624066425648707,7.19135891248137,0.04661250083369638,7.142582150045466,7.264176218915142,-0.025612036962808657,0.01781715414264884,0.7551383244888893,0.03105378338671708,0.705753652588668,0.7810134929893916,-0.003567771757432104,0.07525984040072364,7.4,1.5165750888103102,6.0,9.0,0.7999999999999996,0.0,97.17082565895247,0.30180871817850563,96.6349925340362,97.36152629808133,-0.14320362263462919,-0.6230197162640394,1,4.0
LOT-202607-0063,WC-03,RCP-SC1-01,2026-07-06 12:00:00,PASS,96.88447030291104,6,0.3273325461034,2,11.976345510596339,18.012127187585563,18.271305194557584,0.8318092291515747,7.19261795816202,0.7366467666429987,NORMAL,0,0.8579775897122138,0.030005100865136046,0.8318092291515747,0.9075146917735024,-0.00581746213456671,-0.014337294300995507,18.03750877659534,0.1873289849873204,17.857354995021765,18.271305194557584,0.04621532111044309,0.4139501995358188,7.177047260330745,0.02432081967800018,7.142582150045466,7.198488199038635,-0.0035150358965461313,0.03221865397390555,0.7501688592054357,0.031762453628200495,0.705753652588668,0.7810134929893916,-0.005359352755197097,-0.04436672634639294,7.4,1.5165750888103102,6.0,9.0,0.09999999999999985,-3.0,97.08786899487093,0.3144243218959374,96.6349925340362,97.36152629808133,-0.16194630453303802,0.24947776887483997,1,3.0
LOT-202607-0066,WC-03,RCP-SC1-01,2026-07-06 18:00:00,PASS,97.9315474243281,5,0.3692057210113664,0,2.467505472993478,18.045176800257053,18.019428520329807,0.8901714775336366,7.129540582803757,0.7978827360001496,NORMAL,0,0.8633074654353481,0.03340992093044132,0.8318092291515747,0.9075146917735024,0.0022846681914433084,0.05836224838206183,18.06688965287863,0.16519638313627436,17.857354995021765,18.271305194557584,-0.00689612144725422,-0.25187667422777693,7.164725638847598,0.030269338381090256,7.129540582803757,7.198488199038635,-0.00878594243532051,-0.06307737535826341,0.7536513724012178,0.03651444560980487,0.705753652588668,0.7978827360001496,0.013273815848486699,0.06123596935715092,7.0,1.8708286933869707,5.0,9.0,-0.5000000000000013,-1.0,97.20187322012028,0.49177504325053434,96.6349925340362,97.9315474243281,0.08888657232152422,1.047077121417061,1,2.0
LOT-202607-0069,WC-03,RCP-SC2-01,2026-07-07 00:00:00,PASS,97.95107863953672,8,0.21194921398842936,0,3.6392528333558642,18.065060614297572,18.13757232794364,0.841605880667411,7.202528264555128,0.7384588539284026,WATCH,0,0.8634495605157391,0.033292073574783185,0.8318092291515747,0.9075146917735024,-0.008779266813111681,-0.048565596866225524,18.05585133942621,0.15628649482503315,17.857354995021765,18.271305194557584,0.04500268626387993,0.11814380761383347,7.165533651950897,0.031427674897972144,7.129540582803757,7.202528264555128,0.00890335076349621,0.07298768175137127,0.751951100429922,0.03709718770608355,0.705753652588668,0.7978827360001496,0.008227964569022651,-0.05942388207174698,7.4,1.816590212458495,5.0,9.0,-0.6000000000000012,3.0,97.33202023022245,0.5988096313508392,96.6349925340362,97.95107863953672,0.26826876687647844,0.019531215208616004,1,1.0
LOT-202607-0072,WC-03,RCP-DHF-01,2026-07-07 06:00:00,PASS,97.34718354776464,9,0.35397925323556784,1,9.23168782790942,18.15115036368139,17.967324959223525,0.9046302851991088,7.169762162378508,0.7576203717574862,CRITICAL,1,0.8628726792008603,0.03234926963650576,0.8318092291515747,0.9046302851991088,0.012676417500891332,0.06302440453169778,18.050597199415265,0.15931493511564834,17.857354995021765,18.271305194557584,0.008620706178957877,-0.1702473687201156,7.170969654417506,0.028697357215460698,7.129540582803757,7.202528264555128,0.002863602277388503,-0.03276610217661968,0.7623244442636856,0.026761495108057344,0.7366467666429987,0.7978827360001496,-0.004497415517840725,0.019161517829083596,7.4,1.816590212458495,5.0,9.0,0.19999999999999962,1.0,97.34985448971534,0.5973806030167302,96.6349925340362,97.95107863953672,0.2490990364082542,-0.603895091772074,1,1.0
LOT-202607-0075,WC-03,RCP-DHF-01,2026-07-07 12:00:00,PASS,96.68938712883794,6,0.33242950784660674,0,6.4216184397271645,17.895678699421765,17.889896409336068,0.7848168516734355,7.178074341735534,0.8592105904883027,WARNING,1,0.8506067448450333,0.04807957773532638,0.7848168516734355,0.9046302851991088,-0.007952594729080744,-0.11981343352567331,18.057105482278125,0.14982940286181914,17.889896409336068,18.271305194557584,-0.08149211315493318,-0.07742854988745762,7.1745046619269885,0.0281532242028396,7.129540582803757,7.202528264555128,0.001113434672177149,0.008312179357025329,0.7779638637634679,0.0516705865512709,0.7366467666429987,0.8592105904883027,0.020486528344794388,0.10159021873081653,6.8,1.6431676725154984,5.0,9.0,0.39999999999999925,-3.0,97.36073340867569,0.5813888767771437,96.68938712883794,97.95107863953672,-0.0974530224709709,-0.6577964189267078,1,2.0
LOT-202607-0078,WC-03,RCP-SC1-01,2026-07-07 18:00:00,PASS,97.73530244629504,7,0.2631811767086285,1,3.5394970925253206,17.995394419007567,17.996529704014502,0.8548047894382167,7.337037326684489,0.7293533555692829,NORMAL,0,0.8552058569023618,0.04691774985123003,0.7848168516734355,0.9046302851991088,-0.012752240518481646,0.06998793776478118,18.00215038416951,0.09011519569240224,17.889896409336068,18.13757232794364,-0.029347355123820095,0.10663329467843496,7.203388535631484,0.07919564530933985,7.129540582803757,7.337037326684489,0.039053956494186096,0.1589629849489551,0.7765051815487248,0.05320864187710983,0.7293533555692829,0.8592105904883027,-0.0016307024301833997,-0.1298572349190198,7.0,1.5811388300841898,5.0,9.0,0.199999999999999,1.0,97.5308998373525,0.5293260939506375,96.68938712883794,97.95107863953672,-0.165418146676498,1.0459153174571014,1,1.0
LOT-202607-0081,WC-03,RCP-DHF-01,2026-07-08 00:00:00,PASS,96.51573697829478,5,0.341423106483821,2,8.852596955869297,17.902968749236653,17.822462194280746,0.8887546673562148,7.239653226169154,0.8229948680415671,CRITICAL,1,0.8549224948668774,0.04665733487602174,0.7848168516734355,0.9046302851991088,0.004447207761671465,0.033949877917998084,17.962757118959694,0.11907262369620633,17.822462194280746,18.13757232794364,-0.06010155225348057,-0.1740675097337565,7.225411064304564,0.06805227722312956,7.169762162378508,7.337037326684489,0.024152508753402947,-0.09738410051533464,0.7815276079570083,0.05679525852210755,0.7293533555692829,0.8592105904883027,0.01408050120381253,0.09364151247228414,7.0,1.5811388300841898,5.0,9.0,-0.8000000000000009,-2.0,97.24773774814582,0.6304517730543713,96.51573697829478,97.95107863953672,-0.24825644239535374,-1.2195654680002548,1,4.0
LOT-202607-0084,WC-03,RCP-SC2-01,2026-07-08 06:00:00,PASS,97.10288992752503,5,0.3336584409754161,1,5.354011781409066,18.203078658354237,17.631379881876047,1.0448945494686341,7.296256396057477,0.777289101652007,WATCH,0,0.895580228627122,0.09533417584241972,0.7848168516734355,1.0448945494686341,0.03844663442218288,0.15613988211241936,17.86151862974618,0.14553136803581962,17.631379881876047,17.996529704014502,-0.07393243697502974,-0.1910823124046992,7.244156690605033,0.07290901131005337,7.169762162378508,7.337037326684489,0.03145673517915605,0.056603169888322924,0.7892936575017292,0.05187556095320277,0.7293533555692829,0.8592105904883027,0.00031217373423051786,-0.04570576638956003,6.4,1.6733200530681511,5.0,9.0,-0.8999999999999997,0.0,97.0781000057435,0.493022670875506,96.51573697829478,97.73530244629504,-0.0662237391022579,0.5871529492302443,1,3.0
LOT-202607-0087,WC-03,RCP-SC2-01,2026-07-08 12:00:00,PASS,96.74846346529371,10,0.4799260900864132,2,13.758635519060253,18.056352933484487,17.14928005716347,1.1504444507263776,7.358512696480197,0.8486191099471073,WATCH,0,0.9447430617325757,0.1492844329809228,0.7848168516734355,1.1504444507263776,0.09213449581363013,0.10554990125774344,17.697909649334168,0.33427788922145535,17.14928005716347,17.996529704014502,-0.18463825264836553,-0.4820998247125772,7.2819067974253695,0.07362114700576289,7.178074341735534,7.358512696480197,0.03200957788623093,0.06225630042272012,0.8074934051396534,0.05390837946096492,0.7293533555692829,0.8592105904883027,0.002675278500033252,0.07133000829510028,6.6,2.0736441353327724,5.0,10.0,0.5999999999999993,5.0,96.9583559892493,0.4839541726163564,96.51573697829478,97.73530244629504,-0.05142598458585643,-0.35442646223131646,1,2.0
LOT-202607-0090,WC-03,RCP-SC2-01,2026-07-08 18:00:00,PASS,97.32339395560861,8,0.4191668156422125,0,11.425082165683056,18.018334626782735,17.027894445921294,1.3402215244836633,7.354921352937775,1.0074500531606598,WATCH,0,1.0558239962946214,0.19891915408146232,0.8548047894382167,1.3402215244836633,0.12325232534610557,0.1897770737572857,17.525509256651212,0.42143172895843717,17.027894445921294,17.996529704014502,-0.26104526533036926,-0.12138561124217517,7.317276199665818,0.04993812805270965,7.239653226169154,7.358512696480197,0.015462752281761558,-0.0035913435424221873,0.8371412976741249,0.1055195001802532,0.7293533555692829,1.0074500531606598,0.05818176370882929,0.1588309432135525,7.0,2.121320343559643,5.0,10.0,0.6999999999999995,-2.0,97.08515735460344,0.4788951092111681,96.51573697829478,97.73530244629504,-0.059109049437395166,0.5749304903148982,1,1.0
LOT-202607-0093,WC-03,RCP-DHF-01,2026-07-09 00:00:00,HOLD,96.94482833645016,20,0.4126884075437839,0,11.102842825803833,17.999198648390696,16.583360107387655,1.5180853104417473,7.458288051815462,1.0245717754334436,CRITICAL,1,1.1884801004953274,0.24676097268675054,0.8887546673562148,1.5180853104417473,0.15539882611860945,0.17786378595808405,17.242875337325845,0.4941644221686826,16.583360107387655,17.822462194280746,-0.30816896097409346,-0.44453433853363933,7.341526344692014,0.08143825754874433,7.239653226169154,7.458288051815462,0.04959346081729148,0.10336669887768668,0.896184981646957,0.11249291101846506,0.777289101652007,1.0245717754334436,0.06333147662924056,0.017121722272783746,9.6,6.188699378706321,5.0,20.0,3.3,12.0,96.92706253263445,0.31200794538107796,96.51573697829478,97.32339395560861,0.10786867443942151,-0.3785656191584508,1,1.0
LOT-202607-0096,WC-03,RCP-SC1-01,2026-07-09 06:00:00,HOLD,96.57535506890139,20,0.3307463777091423,0,9.756112513405222,17.98116960057496,16.048589078522316,1.6601592709741484,7.514873893860745,1.1156671312105955,WARNING,1,1.342761021218914,0.2535728705233549,1.0448945494686341,1.6601592709741484,0.15981703027263972,0.14207396053240107,16.888100714174154,0.5995555607279437,16.048589078522316,17.631379881876047,-0.37315015564832815,-0.5347710288653396,7.396570478230332,0.08810606748489888,7.296256396057477,7.514873893860745,0.05370103509417931,0.056585842045283385,0.9547194342807627,0.1381148350462782,0.777289101652007,1.1156671312105955,0.08527087246035127,0.09109535577715189,12.6,6.985699678629192,5.0,20.0,3.9999999999999996,0.0,96.93898615075578,0.2929139792545226,96.57535506890139,97.32339395560861,-0.08587048460910532,-0.36947326754876997,1,1.0
LOT-202607-0099,WC-03,RCP-O3-01,2026-07-09 12:00:00,HOLD,95.72386414944353,22,0.4005852272374037,3,11.062089226904908,17.96182346968441,15.904203452392153,1.83229327772243,7.49475688688947,1.1272002193731236,WARNING,1,1.5002407668696733,0.266512122789537,1.1504444507263776,1.83229327772243,0.168363540048259,0.1721340067482815,16.542665428277378,0.5605420810449395,15.904203452392153,17.14928005716347,-0.3469458576941626,-0.1443856261301626,7.43627057639673,0.07541200717011631,7.354921352937775,7.514873893860745,0.04324409217415023,-0.020117006971275053,1.024701657824986,0.11189657151561966,0.8486191099471073,1.1272002193731236,0.0665379296901968,0.011533088162528182,16.0,6.48074069840786,8.0,22.0,3.5999999999999996,2.0,96.66318099513948,0.594245110977384,95.72386414944353,97.32339395560861,-0.2797237518407669,-0.8514909194578593,1,1.0
LOT-202607-0102,WC-03,RCP-DHF-01,2026-07-09 18:00:00,HOLD,96.57889643652993,23,0.2678359337585402,1,13.779884109142891,17.973288895079083,15.740373015674193,1.9434046980332695,7.613843785737186,1.2171522969420672,CRITICAL,1,1.6588328163310517,0.24103654427819216,1.3402215244836633,1.9434046980332695,0.1520574314379894,0.11111142031083965,16.26088401997952,0.5328033632399454,15.740373015674193,17.027894445921294,-0.32541995154897224,-0.16383043671796038,7.487336794248127,0.09380171514933199,7.354921352937775,7.613843785737186,0.05543137006728259,0.11908689884771562,1.098408295223978,0.08507675022277829,1.0074500531606598,1.2171522969420672,0.05220329315024937,0.08995207756894352,18.6,6.06630035524124,8.0,23.0,3.1999999999999993,1.0,96.62926758938673,0.5929985664691227,95.72386414944353,97.32339395560861,-0.27099592251641097,0.8550322870864022,1,1.0
LOT-202607-0105,WC-03,RCP-DHF-01,2026-07-10 00:00:00,HOLD,96.77828623153313,23,0.3836943266931381,1,11.516487343322627,18.05205915421258,15.249347820871717,2.092015977088318,7.597219099849,1.3116062540512157,CRITICAL,1,1.8091917068519827,0.22665501229173105,1.5180853104417473,2.092015977088318,0.1431106760352262,0.14861127905504867,15.905174694969608,0.4841932890453561,15.249347820871717,16.583360107387655,-0.2976240635880016,-0.4910251948024751,7.535796343630372,0.067070260575985,7.458288051815462,7.613843785737186,0.03768319879435191,-0.016624685888185553,1.159239535402089,0.1091214720560215,1.0245717754334436,1.3116062540512157,0.06755541229670148,0.0944539571091485,21.6,1.5165750888103076,20.0,23.0,0.8999999999999978,0.0,96.52024604457162,0.47105091460243226,95.72386414944353,96.94482833645016,-0.03295428422056068,0.1993897950031993,1,1.0
LOT-202607-0108,WC-03,RCP-O3-01,2026-07-10 06:00:00,FAIL,93.49985554605317,37,0.7387237796699778,2,21.187056707005155,18.043935239538644,15.452407643496263,2.1021408634536862,7.665714176995561,1.2846688534426014,CRITICAL,1,1.9260028174543706,0.18597182240176802,1.6601592709741484,2.1021408634536862,0.11436858843249613,0.010124886365368013,15.678984202191327,0.3267355271443073,15.249347820871717,16.048589078522316,-0.18472185015725573,0.20305982262454592,7.577281568666393,0.07116823037654366,7.49475688688947,7.665714176995561,0.04041427792291641,0.06849507714656067,1.2112589510039207,0.08901824659311061,1.1156671312105955,1.3116062540512157,0.052240947914210245,-0.02693740060861427,25.0,6.819090848492928,20.0,37.0,3.499999999999998,14.0,95.83125148649222,1.365327524098146,93.49985554605317,96.77828623153313,-0.5096576963606902,-3.278430685479961,1,1.0
LOT-202607-0111,WC-03,RCP-DHF-01,2026-07-10 12:00:00,HOLD,95.99093970179,23,0.6329288759978893,0,12.71682646021192,17.852440240495117,15.47496515427706,2.1309306260275576,7.614980707818559,1.32310727530456,CRITICAL,1,2.0201570884650524,0.12780801684890625,1.83229327772243,2.1309306260275576,0.07560108620306695,0.028789762573871336,15.564259417342276,0.2579881512802346,15.249347820871717,15.904203452392153,-0.11464419684081185,0.022557510780796264,7.597302931457955,0.06281301703812103,7.49475688688947,7.665714176995561,0.029231803311655317,-0.05073346917700139,1.2527469798227135,0.08133720223115017,1.1272002193731236,1.32310727530456,0.04593306683634049,0.03843842186195867,25.6,6.387487769068525,22.0,37.0,1.5999999999999983,-14.0,95.71436841306995,1.3095780725798263,93.49985554605317,96.77828623153313,-0.254488978578381,2.4910841557368286,1,1.0
LOT-202607-0114,WC-03,RCP-DHF-01,2026-07-10 18:00:00,FAIL,94.84336933549162,29,0.5980908927845847,0,20.37467100454633,18.053852928403316,15.31034144791075,2.0640331051030576,7.777430814694596,1.2606900931416793,CRITICAL,1,2.066505053941178,0.0728546165555059,1.9434046980332695,2.1309306260275576,0.028017146307881307,-0.06689752092449996,15.445487016445998,0.19013779014499166,15.249347820871717,15.740373015674193,-0.0634445802121565,-0.16462370636631007,7.65383771701898,0.07370779064698689,7.597219099849,7.777430814694596,0.034493566588437434,0.16245010687603667,1.2794449545764248,0.042426868188762255,1.2171522969420672,1.32310727530456,0.009857661365256964,-0.062417182162880724,27.0,6.164414002968976,23.0,37.0,1.1999999999999982,6.0,95.53826945027956,1.3659679638795903,93.49985554605317,96.77828623153313,-0.42584007318198563,-1.1475703662983818,1,1.0
LOT-202607-0117,WC-03,RCP-DHF-01,2026-07-11 00:00:00,FAIL,95.84927742709625,29,0.3081361326652029,0,13.537326369340736,18.02213616140839,15.127632568307199,2.145973683863879,7.674486419149859,1.3312819900962671,CRITICAL,1,2.1070188511073,0.032349294145500015,2.0640331051030576,2.145973683863879,0.006980765520049128,0.08194057876082139,15.322938926972597,0.14456230789680014,15.127632568307199,15.47496515427706,-0.03854967007145571,-0.18270887960355076,7.665966243701514,0.07039655916859883,7.597219099849,7.777430814694596,0.02662512763007478,-0.10294439554473733,1.3022708932072646,0.02916222840279145,1.2606900931416793,1.3312819900962671,0.0015372711789179588,0.07059189695458779,28.2,5.761944116355173,23.0,37.0,0.3999999999999981,0.0,95.39234564839282,1.262024818568078,93.49985554605317,96.77828623153313,-0.051450381943535996,1.0059080916046383,1,1.0
LOT-202607-0120,WC-03,RCP-SC1-01,2026-07-11 06:00:00,FAIL,93.33550678250351,43,0.7485617829957806,1,21.644982235464703,18.031910544475846,15.509936090294795,2.1197220455278623,7.607812159273024,1.3121652779797495,CRITICAL,1,2.1125600647952085,0.03149867854700483,2.0640331051030576,2.145973683863879,0.005020542198467136,-0.026251638336016736,15.375056580857214,0.1577688835124098,15.127632568307199,15.509936090294795,-0.023227569237281528,0.38230352198759654,7.6680848555863195,0.06792640748883601,7.607812159273024,7.777430814694596,-0.005629832411378081,-0.06667425987683462,1.3023826979929716,0.029208002533787625,1.2606900931416793,1.3312819900962671,0.0063167563866001804,-0.019116712116517665,32.2,7.823042886243178,23.0,43.0,1.7999999999999956,14.0,94.70378975858691,1.2559891842719837,93.33550678250351,95.99093970179,-0.04703598017931463,-2.5137706445927392,0,
